ticker,short,long,strategy_cagr,bh_cagr,edge,strategy_sharpe,bh_sharpe,sharpe_edge,strategy_max_drawdown,bh_max_drawdown,round_trip_trades,pct_days_in_market
KO,5,50,0.04896535077972897,0.09707657715288254,-0.04811122637315357,0.2275096947728769,0.43529764595034526,-0.20778795117746834,-0.1725002563593795,-0.3698752025660125,29.0,63.74269005847953
KO,5,100,0.04308316900909337,0.08616014213086576,-0.04307697312177239,0.18200411893585505,0.382347399289405,-0.20034328035354992,-0.18421095370670065,-0.3698752025660124,19.0,66.98795180722892
KO,5,150,0.018412424559081986,0.08160797164350275,-0.06319554708442077,0.012539571607053119,0.3603178356763019,-0.3477782640692488,-0.1968393171731555,-0.36987520256601264,16.0,70.43478260869566
KO,5,200,0.0014506960979703276,0.07688674619551672,-0.07543605009754639,-0.09281271279628778,0.3360021520526599,-0.42881486484894765,-0.2761500704207584,-0.3698752025660125,15.0,73.97435897435898
KO,10,50,0.05141729882689394,0.09707657715288254,-0.045659278325988595,0.24337777134710684,0.43529764595034526,-0.19191987460323842,-0.17846693527244525,-0.3698752025660125,21.5,63.39181286549708
KO,10,100,0.008624712553229275,0.08616014213086576,-0.07753542957763648,-0.05716930336415364,0.382347399289405,-0.43951670265355863,-0.2328826855127144,-0.3698752025660124,16.0,67.10843373493975
KO,10,150,0.013697324056143101,0.08160797164350275,-0.06791064758735965,-0.014032404214430479,0.3603178356763019,-0.37435023989073235,-0.23480626725947507,-0.36987520256601264,12.0,70.4968944099379
KO,10,200,0.027249882780890466,0.07688674619551672,-0.04963686341462625,0.0761570389442464,0.3360021520526599,-0.25984511310841346,-0.21569933063665217,-0.3698752025660125,8.0,74.48717948717949
KO,20,50,0.041535094949721296,0.09707657715288254,-0.05554148220316124,0.17149974515878325,0.43529764595034526,-0.263797900791562,-0.2913193026691214,-0.3698752025660125,19.5,64.44444444444444
KO,20,100,0.016022428243789077,0.08616014213086576,-0.07013771388707668,0.005756697877570174,0.382347399289405,-0.3765907014118348,-0.24502501969618232,-0.3698752025660124,12.0,66.86746987951807
KO,20,150,0.007804190947411804,0.08160797164350275,-0.07380378069609095,-0.04558029188027921,0.3603178356763019,-0.4058981275565811,-0.2597741887211943,-0.36987520256601264,9.0,71.55279503105591
KO,20,200,0.0022547072227983023,0.07688674619551672,-0.07463203897271842,-0.07700073037882199,0.3360021520526599,-0.41300288243148187,-0.3376663843658865,-0.3698752025660125,6.0,74.93589743589743
KO,30,50,0.060590544013634506,0.09707657715288254,-0.03648603313924803,0.2921675503711368,0.43529764595034526,-0.14313009557920847,-0.24069645381093052,-0.3698752025660125,15.5,64.91228070175438
KO,30,100,-0.025317139372302955,0.08616014213086576,-0.11147728150316871,-0.25112448026900763,0.382347399289405,-0.6334718795584127,-0.3867371761887539,-0.3698752025660124,11.0,66.38554216867469
KO,30,150,-0.029738614171731292,0.08160797164350275,-0.11134658581523404,-0.27842391351824053,0.3603178356763019,-0.6387417491945424,-0.4051708025574119,-0.36987520256601264,9.0,72.04968944099379
KO,30,200,-0.025923592044234223,0.07688674619551672,-0.10281033823975094,-0.2449305462480209,0.3360021520526599,-0.5809326983006808,-0.36987520256601264,-0.3698752025660125,6.0,75.25641025641025
KO,50,100,0.002237735818604314,0.08616014213086576,-0.08392240631226144,-0.06774419531657934,0.382347399289405,-0.4500915946059843,-0.36987520256601264,-0.3698752025660124,10.0,65.8433734939759
KO,50,150,-0.004416027441867754,0.08160797164350275,-0.0860239990853705,-0.10793012089763361,0.3603178356763019,-0.4682479565739355,-0.36987520256601264,-0.36987520256601264,9.0,72.67080745341616
KO,50,200,-0.011534829784488387,0.07688674619551672,-0.08842157598000511,-0.1436167113727888,0.3360021520526599,-0.4796188634254487,-0.36987520256601264,-0.3698752025660125,6.0,73.97435897435898
PG,5,50,0.01816343972981005,0.0791928562846369,-0.061029416554826854,-0.0006336933232802539,0.34794702445398457,-0.3485807177772648,-0.19844016950293777,-0.23772451821225749,35.5,60.46783625730994
PG,5,100,0.030482474297705897,0.07175331928938289,-0.04127084499167699,0.09248394532872264,0.31232662726845173,-0.21984268193972908,-0.18946229741241485,-0.23772451821225765,19.5,64.33734939759036
PG,5,150,0.0007293817950273507,0.06336729026321652,-0.06263790846818917,-0.1376751778669859,0.27276868877452415,-0.41044386664151006,-0.22538613218327694,-0.23772451821225749,18.5,64.09937888198758
PG,5,200,-0.012551494070149327,0.05932445022284516,-0.07187594429299449,-0.21231768101167717,0.252553374900259,-0.4648710559119361,-0.22510506387400586,-0.23772451821225718,17.5,66.21794871794872
PG,10,50,0.03954687246086608,0.0791928562846369,-0.039645983823770825,0.16071861049404934,0.34794702445398457,-0.18722841395993522,-0.20146642821496474,-0.23772451821225749,22.5,60.81871345029239
PG,10,100,0.0315886785782904,0.07175331928938289,-0.04016464071109249,0.10006062440146314,0.31232662726845173,-0.2122660028669886,-0.2080405668922261,-0.23772451821225765,15.5,63.19277108433735
PG,10,150,0.014258683550900875,0.06336729026321652,-0.04910860671231565,-0.032116340413503565,0.27276868877452415,-0.30488502918802773,-0.21661655268047159,-0.23772451821225749,15.5,63.78881987577639
PG,10,200,0.010606308657508334,0.05932445022284516,-0.048718141565336825,-0.04447522082754488,0.252553374900259,-0.2970285957278039,-0.18890320424907864,-0.23772451821225718,14.5,66.02564102564102
PG,20,50,0.025805978888737924,0.0791928562846369,-0.05338687739589898,0.05892903364905072,0.34794702445398457,-0.28901799080493384,-0.19035540254554012,-0.23772451821225749,21.5,61.228070175438596
PG,20,100,0.021192049886751718,0.07175331928938289,-0.05056126940263117,0.02622755870440802,0.31232662726845173,-0.2860990685640437,-0.3054013888729557,-0.23772451821225765,9.5,62.34939759036144
PG,20,150,0.016945684992056176,0.06336729026321652,-0.04642160527116035,0.000478300032179889,0.27276868877452415,-0.27229038874234424,-0.1650954589550922,-0.23772451821225749,8.5,65.3416149068323
PG,20,200,0.019881944574906996,0.05932445022284516,-0.039442505647938164,0.033062696190969486,0.252553374900259,-0.21949067870928948,-0.19899328685588663,-0.23772451821225718,8.5,66.73076923076923
PG,30,50,0.03619137235239944,0.0791928562846369,-0.04300148393223746,0.1355215948935751,0.34794702445398457,-0.21242542956040947,-0.23794263651104214,-0.23772451821225749,19.5,60.23391812865497
PG,30,100,0.000851649765725826,0.07175331928938289,-0.07090166952365706,-0.10915654249962108,0.31232662726845173,-0.4214831697680728,-0.3538485368832412,-0.23772451821225765,9.5,61.566265060240966
PG,30,150,0.015627567651385732,0.06336729026321652,-0.04773972261183079,0.005008715964097505,0.27276868877452415,-0.2677599728104266,-0.21034491953310627,-0.23772451821225749,7.5,65.59006211180125
PG,30,200,-0.0013071372497848177,0.05932445022284516,-0.06063158747262998,-0.08701833908787177,0.252553374900259,-0.33957171398813074,-0.23194832057211656,-0.23772451821225718,7.5,68.33333333333333
PG,50,100,0.07126260869934997,0.07175331928938289,-0.0004907105900329167,0.3542298064109912,0.31232662726845173,0.04190317914253949,-0.19899328685588655,-0.23772451821225765,7.5,61.02409638554217
PG,50,150,0.00725887258360336,0.06336729026321652,-0.056108417679613165,-0.03604944719728095,0.27276868877452415,-0.3088181359718051,-0.23971787116751875,-0.23772451821225749,5.5,65.09316770186335
PG,50,200,0.009538296288728265,0.05932445022284516,-0.049786153934116895,-0.010410226897193613,0.252553374900259,-0.2629636017974526,-0.23155599079723058,-0.23772451821225718,5.5,69.23076923076923
WMT,5,50,0.08627666472776574,0.21477017046847058,-0.12849350574070484,0.42854490550593216,0.8705601210607761,-0.4420152155548439,-0.26066605826064876,-0.2573966957582321,31.0,70.87719298245614
WMT,5,100,0.08088753926754233,0.21472616187152438,-0.13383862260398205,0.38323998583331487,0.8641559178846743,-0.4809159320513594,-0.3999497251764088,-0.2573966957582324,20.0,77.83132530120483
WMT,5,150,0.04282863407048798,0.2148125394351621,-0.17198390536467412,0.17571280817968807,0.8569727319986079,-0.6812599238189199,-0.4674643952085707,-0.2573966957582323,19.0,79.19254658385093
WMT,5,200,0.05220359526703988,0.19765168512694564,-0.14544808985990576,0.22124636731946862,0.7903500933004676,-0.569103725980999,-0.4559182526329808,-0.25739669575823254,14.0,83.84615384615385
WMT,10,50,0.07274420330826259,0.21477017046847058,-0.142025967160208,0.35688002821066594,0.8705601210607761,-0.5136800928501102,-0.28366264957330417,-0.2573966957582321,23.0,69.12280701754386
WMT,10,100,0.11376191514965805,0.21472616187152438,-0.10096424672186632,0.5624913221192633,0.8641559178846743,-0.30166459576541094,-0.3272285309630708,-0.2573966957582324,11.0,78.01204819277109
WMT,10,150,0.0702540947150605,0.2148125394351621,-0.1445584447201016,0.322522113332897,0.8569727319986079,-0.534450618665711,-0.4147652408216795,-0.2573966957582323,13.0,78.01242236024845
WMT,10,200,0.03994664326801689,0.19765168512694564,-0.15770504185892875,0.1613418303446509,0.7903500933004676,-0.6290082629558167,-0.48572482096208425,-0.25739669575823254,13.0,84.74358974358974
WMT,20,50,0.04242751362437258,0.21477017046847058,-0.172342656844098,0.17539918622545203,0.8705601210607761,-0.695160934835324,-0.35968080047414247,-0.2573966957582321,19.0,69.00584795321637
WMT,20,100,0.10694842113598457,0.21472616187152438,-0.1077777407355398,0.5255085845328804,0.8641559178846743,-0.33864733335179387,-0.3257949736076152,-0.2573966957582324,10.0,77.65060240963855
WMT,20,150,0.06965589145457662,0.2148125394351621,-0.14515664798058547,0.31981671894178865,0.8569727319986079,-0.5371560130568193,-0.42050887024271955,-0.2573966957582323,11.0,77.5776397515528
WMT,20,200,0.10370882649839785,0.19765168512694564,-0.09394285862854779,0.4582481370318169,0.7903500933004676,-0.3321019562686507,-0.3644976766625851,-0.25739669575823254,8.0,83.84615384615385
WMT,30,50,0.08770580037087261,0.21477017046847058,-0.12706437009759797,0.43601607235623724,0.8705601210607761,-0.43454404870453883,-0.29183153482557095,-0.2573966957582321,16.0,70.87719298245614
WMT,30,100,0.10862207641978161,0.21472616187152438,-0.10610408545174277,0.5253159813656225,0.8641559178846743,-0.33883993651905175,-0.31825047932010775,-0.2573966957582324,8.0,77.65060240963855
WMT,30,150,0.11182447721080102,0.2148125394351621,-0.10298806222436108,0.5274697629195021,0.8569727319986079,-0.3295029690791058,-0.32682643347422596,-0.2573966957582323,6.0,78.26086956521739
WMT,30,200,0.11206224455659664,0.19765168512694564,-0.085589440570349,0.4847150826603071,0.7903500933004676,-0.30563501064016046,-0.35155365807825883,-0.25739669575823254,7.0,83.33333333333334
WMT,50,100,0.108461515112247,0.21472616187152438,-0.10626464675927738,0.5168087556978384,0.8641559178846743,-0.3473471621868359,-0.33702224453303975,-0.2573966957582324,7.0,75.96385542168674
WMT,50,150,0.1309115130485845,0.2148125394351621,-0.08390102638657759,0.60534727737316,0.8569727319986079,-0.25162545462544794,-0.2975148425497303,-0.2573966957582323,5.0,81.86335403726707
WMT,50,200,0.0974786333901434,0.19765168512694564,-0.10017305173680224,0.4225926048376291,0.7903500933004676,-0.36775748846283846,-0.40866743112719606,-0.25739669575823254,4.0,83.52564102564102
PEP,5,50,0.01627008796466556,0.06255800633821451,-0.04628791837354895,-0.014362812507328612,0.26761772818904084,-0.28198054069636946,-0.20262068028572217,-0.30322666009702126,27.5,60.4093567251462
PEP,5,100,-0.021600608764019147,0.047085196982501465,-0.06868580574652061,-0.2916232026336664,0.19851175762117787,-0.49013496025484427,-0.2606961177750182,-0.30322666009701993,25.5,65.0
PEP,5,150,-0.006948651104909054,0.05458658283835183,-0.06153523394326088,-0.1716433295024735,0.23085098094087583,-0.4024943104433493,-0.2526603042470037,-0.30322666009702187,18.0,67.01863354037268
PEP,5,200,-0.03334434214472115,0.039724592562379035,-0.07306893470710019,-0.34086695466929995,0.16450549832996106,-0.505372452999261,-0.30394324634683845,-0.30322666009702076,16.0,68.01282051282051
PEP,10,50,0.027479937826285772,0.06255800633821451,-0.03507806851192874,0.06977698456322289,0.26761772818904084,-0.19784074362581794,-0.15072304661798056,-0.30322666009702126,23.0,61.05263157894737
PEP,10,100,0.014405071751884657,0.047085196982501465,-0.03268012523061681,-0.024739229765947304,0.19851175762117787,-0.22325098738712518,-0.2116443626211232,-0.30322666009701993,16.0,65.24096385542168
PEP,10,150,0.006923672823031524,0.05458658283835183,-0.0476629100153203,-0.07498890422614703,0.23085098094087583,-0.3058398851670229,-0.22919435880886588,-0.30322666009702187,14.0,66.39751552795032
PEP,10,200,-0.024985180879398494,0.039724592562379035,-0.06470977344177753,-0.28509159446057225,0.16450549832996106,-0.4495970927905333,-0.2539851850656273,-0.30322666009702076,11.0,67.43589743589745
PEP,20,50,-0.011375754321439557,0.06255800633821451,-0.07393376065965407,-0.21561272643424526,0.26761772818904084,-0.48323045462328607,-0.2633071369640883,-0.30322666009702126,20.0,61.81286549707602
PEP,20,100,-0.007194714362994126,0.047085196982501465,-0.05427991134549559,-0.13599280550153503,0.19851175762117787,-0.33450456312271293,-0.27790254961663796,-0.30322666009701993,10.0,67.7710843373494
PEP,20,150,0.024120677041852945,0.05458658283835183,-0.030465905796498882,0.06452007138096023,0.23085098094087583,-0.16633090955991559,-0.2254328847194335,-0.30322666009702187,10.0,66.08695652173913
PEP,20,200,0.004363493676513119,0.039724592562379035,-0.035361098885865916,-0.05058573456930324,0.16450549832996106,-0.2150912328992643,-0.22543288471943337,-0.30322666009702076,9.0,68.71794871794872
PEP,30,50,-0.002419543242037747,0.06255800633821451,-0.06497754958025226,-0.10585736014103703,0.26761772818904084,-0.37347508833007786,-0.25502382917556893,-0.30322666009702126,21.0,62.92397660818714
PEP,30,100,-0.03806898929885416,0.047085196982501465,-0.08515418628135563,-0.2923064980805014,0.19851175762117787,-0.49081825570167925,-0.3834411518340289,-0.30322666009701993,9.0,67.83132530120481
PEP,30,150,-0.018635493085731314,0.05458658283835183,-0.07322207592408314,-0.1753357499744648,0.23085098094087583,-0.40618673091534063,-0.31014285152259097,-0.30322666009702187,8.0,66.64596273291924
PEP,30,200,-8.452780813739125e-06,0.039724592562379035,-0.039733045343192774,-0.05893902187998214,0.16450549832996106,-0.2234445202099432,-0.288170947089908,-0.30322666009702076,5.0,70.06410256410255
PEP,50,100,0.006589522040586049,0.047085196982501465,-0.040495674941915416,-0.02135967149274317,0.19851175762117787,-0.21987142911392105,-0.28817094708990826,-0.30322666009701993,9.0,68.3132530120482
PEP,50,150,0.01488608704122707,0.05458658283835183,-0.03970049579712476,0.02694043706513574,0.23085098094087583,-0.2039105438757401,-0.28817094708990815,-0.30322666009702187,7.0,68.69565217391305
PEP,50,200,0.036106923343259156,0.039724592562379035,-0.003617669219119879,0.139391808936143,0.16450549832996106,-0.025113689393818056,-0.288170947089908,-0.30322666009702076,4.0,71.28205128205128
COST,5,50,0.08969997586198297,0.2273517722283147,-0.13765179636633174,0.43914077645629507,0.8937474912492167,-0.45460671479292164,-0.26520829501180204,-0.31402435644223015,29.5,67.42690058479532
COST,5,100,0.14521527334921003,0.2250871322399992,-0.07987185889078918,0.7110401855023797,0.8792129229273451,-0.1681727374249654,-0.3008183191545997,-0.31402435644223003,15.5,75.06024096385542
COST,5,150,0.1416044659226059,0.2204462694429048,-0.0788418035202989,0.6419830523529817,0.8561141317666886,-0.2141310794137069,-0.2780469355576694,-0.3140243564422296,12.5,78.69565217391305
COST,5,200,0.1329950972521763,0.20459581714351982,-0.07160071989134353,0.5915694350597376,0.7974232480355996,-0.20585381297586203,-0.3238938730663477,-0.3140243564422294,12.5,79.23076923076923
COST,10,50,0.13441980637466577,0.2273517722283147,-0.09293196585364893,0.6688043350560869,0.8937474912492167,-0.22494315619312977,-0.19867626177057124,-0.31402435644223015,21.5,68.01169590643275
COST,10,100,0.14140482521309283,0.2250871322399992,-0.08368230702690638,0.6513541524976845,0.8792129229273451,-0.22785877042966063,-0.4162395794184777,-0.31402435644223003,13.5,75.36144578313252
COST,10,150,0.16194335802503046,0.2204462694429048,-0.05850291141787434,0.7295748342897614,0.8561141317666886,-0.12653929747692716,-0.3161965056428766,-0.3140243564422296,9.5,78.69565217391305
COST,10,200,0.1295768688290717,0.20459581714351982,-0.07501894831444811,0.5731720864487463,0.7974232480355996,-0.22425116158685332,-0.35619329742813716,-0.3140243564422294,11.5,79.87179487179488
COST,20,50,0.0834409020717386,0.2273517722283147,-0.1439108701565761,0.38748534210441143,0.8937474912492167,-0.5062621491448053,-0.3345200433409489,-0.31402435644223015,17.5,68.24561403508773
COST,20,100,0.12856177977859828,0.2250871322399992,-0.09652535246140093,0.5923247478568208,0.8792129229273451,-0.28688817507052433,-0.41563445726485654,-0.31402435644223003,11.5,75.6024096385542
COST,20,150,0.11614451776458323,0.2204462694429048,-0.10430175167832156,0.5138963734884885,0.8561141317666886,-0.3422177582782001,-0.4915017538450204,-0.3140243564422296,7.5,79.13043478260869
COST,20,200,0.12252454218849018,0.20459581714351982,-0.08207127495502964,0.5305789163801138,0.7974232480355996,-0.2668443316554858,-0.4595178357964855,-0.3140243564422294,5.5,80.12820512820514
COST,30,50,0.08406368261533648,0.2273517722283147,-0.14328808961297823,0.3885635946070441,0.8937474912492167,-0.5051838966421727,-0.3958903161336842,-0.31402435644223015,16.5,69.64912280701753
COST,30,100,0.1368320206937763,0.2250871322399992,-0.0882551115462229,0.616884351168089,0.8792129229273451,-0.26232857175925606,-0.41554267234046355,-0.31402435644223003,9.5,75.8433734939759
COST,30,150,0.13190221169642435,0.2204462694429048,-0.08854405774648044,0.5773033159738487,0.8561141317666886,-0.27881081579283995,-0.4442710649351822,-0.3140243564422296,8.5,78.57142857142857
COST,30,200,0.16153093902405558,0.20459581714351982,-0.043064878119464245,0.6919101843198501,0.7974232480355996,-0.10551306371574953,-0.3464220521789154,-0.3140243564422294,4.5,79.67948717948717
COST,50,100,0.17316020278528654,0.2250871322399992,-0.05192692945471267,0.7468047216217046,0.8792129229273451,-0.13240820130564046,-0.4119572487901108,-0.31402435644223003,6.5,77.16867469879519
COST,50,150,0.18597780345825776,0.2204462694429048,-0.034468465984647034,0.7885197825226385,0.8561141317666886,-0.06759434924405006,-0.3140243564422299,-0.3140243564422296,4.5,79.87577639751552
COST,50,200,0.18081297349852754,0.20459581714351982,-0.02378284364499228,0.7673409384551535,0.7974232480355996,-0.03008230958044611,-0.33663322925344946,-0.3140243564422294,3.5,78.97435897435898
XOM,5,50,0.07426914533206186,0.11085044023071822,-0.03658129489865636,0.3157384184364574,0.4077056523158847,-0.09196723387942729,-0.34654294492597043,-0.6034736402714285,27.0,56.783625730994146
XOM,5,100,0.062254605180877665,0.12767834637302422,-0.06542374119214656,0.2642121823088988,0.4537487789134846,-0.18953659660458577,-0.34066820538283543,-0.5792549077975179,18.5,58.6144578313253
XOM,5,150,0.11851117411287926,0.14055370515960885,-0.022042531046729597,0.5014219317297546,0.487118704723127,0.014303227006627561,-0.25800494144806424,-0.5621018000261958,11.5,59.25465838509317
XOM,5,200,0.1634568042328146,0.1453601190291982,0.018096685203616403,0.6602278334527097,0.49781007352124607,0.16241775993146368,-0.3089209311141816,-0.5582673655767701,11.5,65.06410256410257
XOM,10,50,0.09431842940423762,0.11085044023071822,-0.016532010826480592,0.3980605827350618,0.4077056523158847,-0.009645069580822896,-0.25733040057122564,-0.6034736402714285,21.0,57.42690058479533
XOM,10,100,0.017865221589169034,0.12767834637302422,-0.10981312478385519,0.06988663117339551,0.4537487789134846,-0.3838621477400891,-0.44926180403166904,-0.5792549077975179,17.5,58.31325301204819
XOM,10,150,0.13580329755333076,0.14055370515960885,-0.004750407606278095,0.5687650396698064,0.487118704723127,0.08164633494667939,-0.2632016561023219,-0.5621018000261958,8.5,59.50310559006211
XOM,10,200,0.17030999930140256,0.1453601190291982,0.02494988027220435,0.6847911711929843,0.49781007352124607,0.1869810976717382,-0.2609715861442646,-0.5582673655767701,7.5,65.25641025641026
XOM,20,50,0.04973967576567895,0.11085044023071822,-0.06111076446503927,0.2108064184565513,0.4077056523158847,-0.1968992338593334,-0.2794010748246753,-0.6034736402714285,19.0,57.953216374269005
XOM,20,100,0.09733238515781473,0.12767834637302422,-0.030345961215209494,0.41274584707490664,0.4537487789134846,-0.04100293183857795,-0.3616741563066138,-0.5792549077975179,12.5,59.397590361445786
XOM,20,150,0.15503687820251155,0.14055370515960885,0.014483173042902697,0.642595399864629,0.487118704723127,0.15547669514150197,-0.2734336326686672,-0.5621018000261958,5.5,60.0
XOM,20,200,0.15206348524750357,0.1453601190291982,0.006703366218305362,0.617041872334748,0.49781007352124607,0.11923179881350199,-0.3331678937082961,-0.5582673655767701,6.5,63.78205128205128
XOM,30,50,0.05123300187777513,0.11085044023071822,-0.059617438352943086,0.2173477538399435,0.4077056523158847,-0.19035789847594117,-0.28076163941244886,-0.6034736402714285,19.0,59.29824561403508
XOM,30,100,0.07163513720450898,0.12767834637302422,-0.05604320916851524,0.3044036352518199,0.4537487789134846,-0.14934514366166468,-0.3689440438563857,-0.5792549077975179,12.0,59.397590361445786
XOM,30,150,0.148592965606539,0.14055370515960885,0.008039260446930152,0.6298914412268234,0.487118704723127,0.14277273650369637,-0.23652764922807643,-0.5621018000261958,4.5,58.81987577639751
XOM,30,200,0.1835249881245642,0.1453601190291982,0.03816486909536598,0.7491430093659919,0.49781007352124607,0.2513329358447458,-0.2050866866810382,-0.5582673655767701,3.5,63.46153846153846
XOM,50,100,0.13097234714688488,0.12767834637302422,0.0032940007738606614,0.5572399657155094,0.4537487789134846,0.10349118680202479,-0.257825212291696,-0.5792549077975179,11.0,59.93975903614458
XOM,50,150,0.11033354091987646,0.14055370515960885,-0.030220164239732394,0.47294336018895966,0.487118704723127,-0.014175344534167356,-0.31564150373265376,-0.5621018000261958,4.5,58.94409937888199
XOM,50,200,0.15151956064864103,0.1453601190291982,0.006159441619442818,0.6295228973044229,0.49781007352124607,0.13171282378317684,-0.28550539879871195,-0.5582673655767701,3.5,62.5
CVX,5,50,-0.024262418746600845,0.07615878126004971,-0.10042120000665056,-0.15956047669035991,0.30857913166775275,-0.46813960835811264,-0.5254558654625427,-0.5577391983801417,30.5,56.198830409356724
CVX,5,100,0.014081683808716106,0.08614146579678761,-0.0720597819880715,0.03907957613128682,0.33667487164373644,-0.2975952955124496,-0.37630351989361693,-0.5577391983801421,26.5,58.855421686746986
CVX,5,150,-0.013742203446296175,0.08767867159250398,-0.10142087503880015,-0.1060405626869271,0.34041274648724335,-0.4464533091741705,-0.4322781528922807,-0.5564912914550324,20.0,58.13664596273293
CVX,5,200,0.0015648907451828453,0.0924520684330341,-0.09088717768785126,-0.02149114138497605,0.35267069976574283,-0.3741618411507189,-0.5289916486718247,-0.5482686183526262,19.5,61.53846153846154
CVX,10,50,0.02376454657818372,0.07615878126004971,-0.05239423468186599,0.08537320821663799,0.30857913166775275,-0.22320592345111476,-0.4067373437252167,-0.5577391983801417,22.5,56.315789473684205
CVX,10,100,-0.0052617571368579474,0.08614146579678761,-0.09140322293364556,-0.0490250795426749,0.33667487164373644,-0.3856999511864113,-0.4771705535341758,-0.5577391983801421,18.5,59.21686746987952
CVX,10,150,-0.03476660928287645,0.08767867159250398,-0.12244528087538042,-0.20999492827558755,0.34041274648724335,-0.5504076747628309,-0.5420293747441152,-0.5564912914550324,15.5,57.20496894409938
CVX,10,200,-0.0019148773444653822,0.0924520684330341,-0.09436694577749949,-0.031567259108438404,0.35267069976574283,-0.3842379588741812,-0.516861425358524,-0.5482686183526262,14.5,61.794871794871796
CVX,20,50,-0.024810896524271486,0.07615878126004971,-0.1009696777843212,-0.15418188214058265,0.30857913166775275,-0.4627610138083354,-0.462277039380841,-0.5577391983801417,19.5,56.54970760233918
CVX,20,100,-0.04319181292393681,0.08614146579678761,-0.12933327872072442,-0.24529004111853595,0.33667487164373644,-0.5819649127622724,-0.48217742549042025,-0.5577391983801421,15.5,58.49397590361446
CVX,20,150,-0.03421900420755075,0.08767867159250398,-0.12189767580005473,-0.21481422551256432,0.34041274648724335,-0.5552269719998076,-0.5302301912385453,-0.5564912914550324,13.0,56.64596273291925
CVX,20,200,0.019647379883448668,0.0924520684330341,-0.07280468854958544,0.06991861872418902,0.35267069976574283,-0.2827520810415538,-0.4728790657805081,-0.5482686183526262,9.5,62.56410256410256
CVX,30,50,0.009737631604430197,0.07615878126004971,-0.06642114965561952,0.021356482191767157,0.30857913166775275,-0.2872226494759856,-0.45925288475161075,-0.5577391983801417,22.5,57.60233918128655
CVX,30,100,-0.006315892133956336,0.08614146579678761,-0.09245735793074394,-0.06217596496065944,0.33667487164373644,-0.3988508366043959,-0.41154211554888737,-0.5577391983801421,12.5,56.56626506024096
CVX,30,150,-0.011093962917394173,0.08767867159250398,-0.09877263450989815,-0.10000447009221221,0.34041274648724335,-0.44041721657945554,-0.5382749987082915,-0.5564912914550324,10.0,54.72049689440994
CVX,30,200,0.0307594817644965,0.0924520684330341,-0.06169258666853761,0.12118918655662635,0.35267069976574283,-0.23148151320911647,-0.39961513253735936,-0.5482686183526262,11.0,61.858974358974365
CVX,50,100,0.03344312823467788,0.08614146579678761,-0.05269833756210973,0.13031655377749865,0.33667487164373644,-0.2063583178662378,-0.34521292393148095,-0.5577391983801421,12.5,55.42168674698795
CVX,50,150,0.02363043668201925,0.08767867159250398,-0.06404823491048472,0.08085065822988388,0.34041274648724335,-0.2595620882573595,-0.4364505573063989,-0.5564912914550324,8.0,53.72670807453416
CVX,50,200,0.06464716924579617,0.0924520684330341,-0.02780489918723794,0.2755495195598535,0.35267069976574283,-0.07712118020588932,-0.3923120129191366,-0.5482686183526262,6.0,61.410256410256416
COP,5,50,0.021497718689336365,0.08697001242268709,-0.06547229373335073,0.10717948759087763,0.3451595218000059,-0.23798003420912828,-0.4993730990858534,-0.6610969173003428,38.5,49.64912280701754
COP,5,100,0.00956603275934298,0.10954746564337947,-0.09998143288403649,0.06786384029596658,0.39515153573540085,-0.32728769543943426,-0.4101024584959075,-0.6565816813551103,19.5,53.37349397590362
COP,5,150,0.05334880117340446,0.12704602202068838,-0.07369722084728392,0.2278866529525607,0.43233477899410555,-0.20444812604154486,-0.5033941684455816,-0.6565816813551104,17.5,53.41614906832298
COP,5,200,0.13692777980643234,0.12718609332856268,0.00974168647786966,0.5201772801812433,0.432068764337739,0.08810851584350432,-0.3635392408009063,-0.6565816813551103,11.5,54.42307692307692
COP,10,50,-0.0014576002210233696,0.08697001242268709,-0.08842761264371046,0.016122203239212388,0.3451595218000059,-0.32903731856079355,-0.527537970568809,-0.6610969173003428,26.0,50.4093567251462
COP,10,100,0.0004661812069375326,0.10954746564337947,-0.10908128443644194,0.03437891001986478,0.39515153573540085,-0.3607726257155361,-0.48857741831806833,-0.6565816813551103,17.5,52.95180722891566
COP,10,150,0.08981202322268245,0.12704602202068838,-0.03723399879800593,0.35966397487823903,0.43233477899410555,-0.07267080411586652,-0.37889834711546105,-0.6565816813551104,9.5,53.22981366459627
COP,10,200,0.09937044255319516,0.12718609332856268,-0.027815650775367518,0.3922583896320038,0.432068764337739,-0.039810374705735174,-0.34498571981930415,-0.6565816813551103,9.5,54.03846153846153
COP,20,50,0.00039624562118523166,0.08697001242268709,-0.08657376680150186,0.03435033828828611,0.3451595218000059,-0.3108091835117198,-0.5039884980707168,-0.6610969173003428,21.0,50.70175438596492
COP,20,100,0.06461973880266347,0.10954746564337947,-0.044927726840716,0.2695600257164951,0.39515153573540085,-0.12559151001890573,-0.3648770014665281,-0.6565816813551103,12.5,51.68674698795181
COP,20,150,0.05482003133445268,0.12704602202068838,-0.0722259906862357,0.2322072528308038,0.43233477899410555,-0.20012752616330176,-0.4478016339601286,-0.6565816813551104,8.5,52.60869565217391
COP,20,200,0.13703357037523345,0.12718609332856268,0.009847477046670772,0.5242831319994017,0.432068764337739,0.09221436766166269,-0.3297753907314604,-0.6565816813551103,6.5,53.84615384615385
COP,30,50,0.021408521854199503,0.08697001242268709,-0.06556149056848759,0.10604919769624722,0.3451595218000059,-0.2391103241037587,-0.390640077187341,-0.6610969173003428,20.0,50.526315789473685
COP,30,100,0.044989063413987784,0.10954746564337947,-0.06455840222939169,0.19495371333561703,0.39515153573540085,-0.20019782239978381,-0.40467739788385687,-0.6565816813551103,9.5,49.81927710843374
COP,30,150,0.06401220701351651,0.12704602202068838,-0.06303381500717187,0.2668487731578935,0.43233477899410555,-0.16548600583621204,-0.4065971069452616,-0.6565816813551104,6.5,51.73913043478261
COP,30,200,0.09320075567297215,0.12718609332856268,-0.03398533765559053,0.37059569464107867,0.432068764337739,-0.06147306969666033,-0.3510514725098867,-0.6565816813551103,5.5,54.48717948717948
COP,50,100,0.009440901521110545,0.10954746564337947,-0.10010656412226893,0.07402888946441906,0.39515153573540085,-0.3211226462709818,-0.5591313124978682,-0.6565816813551103,9.0,50.602409638554214
COP,50,150,-0.015712638938695123,0.12704602202068838,-0.1427586609593835,-0.01244136109641852,0.43233477899410555,-0.4447761400905241,-0.5913725334063981,-0.6565816813551104,6.0,51.49068322981366
COP,50,200,0.010962743817825915,0.12718609332856268,-0.11622334951073676,0.09064424315382912,0.432068764337739,-0.34142452118390987,-0.5774552935120972,-0.6565816813551103,5.0,55.06410256410257
JPM,5,50,0.09348790787275729,0.21374343325478096,-0.12025552538202366,0.42045788669868994,0.7049337393110569,-0.2844758526123669,-0.3736223787475808,-0.4362650036069999,28.0,67.2514619883041
JPM,5,100,0.13849437655086216,0.2120699465503424,-0.07357556999948023,0.6228658232267945,0.6971651154416721,-0.07429929221487763,-0.3474773403556927,-0.4362650036069999,18.0,73.01204819277109
JPM,5,150,0.19530899269243407,0.21635900341707215,-0.02105001072463808,0.8416077312313095,0.7041946170858483,0.1374131141454612,-0.28829411990067977,-0.43626500360700005,11.0,76.08695652173914
JPM,5,200,0.20535375737859396,0.20469010264253118,0.0006636547360627798,0.886281508842976,0.6695613495722639,0.2167201592707121,-0.24823046978456215,-0.43626500360700016,6.0,75.38461538461539
JPM,10,50,0.0723484864159718,0.21374343325478096,-0.14139494683880915,0.31927682311404704,0.7049337393110569,-0.3856569161970098,-0.3931224791485036,-0.4362650036069999,22.0,67.42690058479532
JPM,10,100,0.13597674562650264,0.2120699465503424,-0.07609320092383975,0.6161450927698138,0.6971651154416721,-0.08102002267185837,-0.28838134435632046,-0.4362650036069999,14.0,72.46987951807229
JPM,10,150,0.1918527394446543,0.21635900341707215,-0.02450626397241784,0.818820267542409,0.7041946170858483,0.1146256504565607,-0.2806549984628431,-0.43626500360700005,9.0,76.64596273291926
JPM,10,200,0.220330700115968,0.20469010264253118,0.015640597473436824,0.9292836697025836,0.6695613495722639,0.2597223201303197,-0.24423940721584927,-0.43626500360700016,5.0,75.64102564102564
JPM,20,50,0.16210057825723423,0.21374343325478096,-0.05164285499754673,0.7223240456947064,0.7049337393110569,0.01739030638364958,-0.2396012781841123,-0.4362650036069999,17.0,67.54385964912281
JPM,20,100,0.1968752937466356,0.2120699465503424,-0.015194652803706798,0.8829803115162368,0.6971651154416721,0.18581519607456465,-0.22914829014233598,-0.4362650036069999,9.0,71.92771084337349
JPM,20,150,0.14568708804217723,0.21635900341707215,-0.07067191537489492,0.6114532218471209,0.7041946170858483,-0.09274139523872738,-0.3763453010915832,-0.43626500360700005,7.0,77.45341614906832
JPM,20,200,0.18804678755277027,0.20469010264253118,-0.016643315089760913,0.7644412407589524,0.6695613495722639,0.09487989118668849,-0.39133741173471187,-0.43626500360700016,2.0,76.7948717948718
JPM,30,50,0.21849710759895236,0.21374343325478096,0.004753674344171399,0.9576366990007669,0.7049337393110569,0.25270295968971,-0.20466331267365304,-0.4362650036069999,16.0,68.18713450292397
JPM,30,100,0.19678651835229166,0.2120699465503424,-0.01528342819805073,0.864826363208499,0.6971651154416721,0.1676612477668269,-0.25970137354009976,-0.4362650036069999,7.0,72.46987951807229
JPM,30,150,0.1840991514501149,0.21635900341707215,-0.03225985196695724,0.7059033279627394,0.7041946170858483,0.001708710876891062,-0.42130666892391544,-0.43626500360700005,3.0,78.26086956521739
JPM,30,200,0.15343486018287011,0.20469010264253118,-0.051255242459661066,0.604852834470669,0.6695613495722639,-0.06470851510159492,-0.4198759959585852,-0.43626500360700016,2.0,76.28205128205127
JPM,50,100,0.17268268443093948,0.2120699465503424,-0.03938726211940291,0.7131654061776087,0.6971651154416721,0.016000290735936562,-0.4184538132433024,-0.4362650036069999,6.0,73.6144578313253
JPM,50,150,0.1687911747285573,0.21635900341707215,-0.047567828688514835,0.643004155738956,0.7041946170858483,-0.06119046134689232,-0.49049377993929233,-0.43626500360700005,3.0,78.81987577639752
JPM,50,200,0.17490560151857015,0.20469010264253118,-0.029784501123961027,0.6652297692558555,0.6695613495722639,-0.0043315803164083455,-0.4362650036070002,-0.43626500360700016,2.0,76.28205128205127
BAC,5,50,0.05596358155471104,0.12417492257486584,-0.0682113410201548,0.23974274526085446,0.4386340926502261,-0.19889134738937167,-0.3432773304213447,-0.4894679630851562,31.0,62.57309941520468
BAC,5,100,0.07839693104927714,0.13736292012749463,-0.058965989078217484,0.3485200684985308,0.47248085303630544,-0.12396078453777465,-0.3249486862874001,-0.4894679630851562,20.5,63.55421686746988
BAC,5,150,0.13244081784388917,0.13890964026694252,-0.006468822423053355,0.5827497289999453,0.4750202997087714,0.10772942929117385,-0.34411921679839097,-0.4894679630851561,11.0,65.96273291925466
BAC,5,200,0.10258224815543615,0.131969842673328,-0.029387594517891857,0.4659502655721909,0.4553978703983284,0.010552395173862472,-0.38561957872758823,-0.48946796308515605,9.0,63.01282051282051
BAC,10,50,0.10893449647812914,0.12417492257486584,-0.015240426096736703,0.47504482126699904,0.4386340926502261,0.036410728616772914,-0.32776289556015137,-0.4894679630851562,18.0,63.04093567251462
BAC,10,100,0.05375115204777847,0.13736292012749463,-0.08361176807971615,0.22966883589492895,0.47248085303630544,-0.24281201714137648,-0.354348198038252,-0.4894679630851562,17.5,64.39759036144578
BAC,10,150,0.0791039325003049,0.13890964026694252,-0.05980570776663763,0.34793755998707304,0.4750202997087714,-0.12708273972169837,-0.3513076047387493,-0.4894679630851561,10.0,66.64596273291924
BAC,10,200,0.06243721425523696,0.131969842673328,-0.06953262841809105,0.26854219660132467,0.4553978703983284,-0.18685567379700374,-0.4420999685651161,-0.48946796308515605,9.0,62.69230769230769
BAC,20,50,0.07451191600027407,0.12417492257486584,-0.04966300657459177,0.32058548582628005,0.4386340926502261,-0.11804860682394608,-0.45829709055484,-0.4894679630851562,16.0,63.1578947368421
BAC,20,100,0.04311812789668634,0.13736292012749463,-0.09424479223080828,0.17912174075941292,0.47248085303630544,-0.2933591122768925,-0.42735161648976083,-0.4894679630851562,13.0,65.48192771084337
BAC,20,150,0.085093820787985,0.13890964026694252,-0.05381581947895753,0.3585773414985711,0.4750202997087714,-0.11644295821020029,-0.4196528727220402,-0.4894679630851561,7.0,66.58385093167702
BAC,20,200,0.07476869010443132,0.131969842673328,-0.057201152568896685,0.32144598775067457,0.4553978703983284,-0.13395188264765384,-0.43225013128813655,-0.48946796308515605,6.0,62.11538461538461
BAC,30,50,0.08824271225684943,0.12417492257486584,-0.03593221031801641,0.37941941818878894,0.4386340926502261,-0.05921467446143719,-0.47591128707287167,-0.4894679630851562,19.0,62.748538011695906
BAC,30,100,0.04112646833331568,0.13736292012749463,-0.09623645179417895,0.16945123691918174,0.47248085303630544,-0.3030296161171237,-0.4798438015224144,-0.4894679630851562,12.0,64.1566265060241
BAC,30,150,0.0673057850612051,0.13890964026694252,-0.07160385520573742,0.2831596654049375,0.4750202997087714,-0.19186063430383393,-0.47954367941759474,-0.4894679630851561,7.0,66.45962732919256
BAC,30,200,0.04064115202434593,0.131969842673328,-0.09132869064898208,0.1744354230783953,0.4553978703983284,-0.28096244731993314,-0.42707628247087637,-0.48946796308515605,5.0,62.30769230769231
BAC,50,100,0.06951837160816376,0.13736292012749463,-0.06784454851933086,0.2936246237559831,0.47248085303630544,-0.17885622928032235,-0.3815710239271728,-0.4894679630851562,10.0,65.90361445783132
BAC,50,150,0.0015242541154629752,0.13890964026694252,-0.13738538615147955,0.031028350567241292,0.4750202997087714,-0.4439919491415301,-0.4932224332489597,-0.4894679630851561,7.0,65.90062111801242
BAC,50,200,0.02725617240581446,0.131969842673328,-0.10471367026751355,0.12883450585099973,0.4553978703983284,-0.3265633645473287,-0.48946796308515594,-0.48946796308515605,4.5,62.94871794871795
WFC,5,50,0.08277276109049714,0.12657867420225588,-0.04380591311175874,0.3491859357298394,0.4378853317047214,-0.08869939597488197,-0.37662460764814387,-0.5980649880286433,29.0,57.2514619883041
WFC,5,100,0.1426169078982591,0.14474171516999657,-0.002124807271737472,0.5807631437099795,0.48079429204193597,0.09996885166804353,-0.4569316055914588,-0.598064988028643,18.5,62.048192771084345
WFC,5,150,0.14854102622687848,0.147282114192254,0.0012589120346244709,0.5891221500530454,0.4852999681309164,0.10382218192212894,-0.416370237080906,-0.5980649880286429,13.5,64.22360248447205
WFC,5,200,0.13609215202461988,0.13503605024990595,0.0010561017747139356,0.5363943328067348,0.4546348426970515,0.08175949010968325,-0.3789869045453267,-0.5980649880286424,11.0,65.57692307692308
WFC,10,50,0.08449773423639528,0.12657867420225588,-0.0420809399658606,0.35631328535378554,0.4378853317047214,-0.08157204635093585,-0.33285187055269555,-0.5980649880286433,23.0,56.90058479532164
WFC,10,100,0.10376918320625816,0.14474171516999657,-0.0409725319637384,0.43093569364569473,0.48079429204193597,-0.04985859839624124,-0.4471485447660132,-0.598064988028643,13.5,61.506024096385545
WFC,10,150,0.08745694987321961,0.147282114192254,-0.059825164319034396,0.35999710127863177,0.4852999681309164,-0.12530286685228464,-0.4490389052299924,-0.5980649880286429,12.0,64.22360248447205
WFC,10,200,0.1604434889947446,0.13503605024990595,0.02540743874483864,0.6214475583409839,0.4546348426970515,0.16681271564393235,-0.37822728021829183,-0.5980649880286424,9.0,66.08974358974359
WFC,20,50,0.07104777741876012,0.12657867420225588,-0.055530896783495765,0.3024017749510506,0.4378853317047214,-0.1354835567536708,-0.4408211252032524,-0.5980649880286433,17.0,56.783625730994146
WFC,20,100,0.12318880878205696,0.14474171516999657,-0.021552906387939608,0.503222059724814,0.48079429204193597,0.022427767682878075,-0.3960937301430977,-0.598064988028643,11.5,62.048192771084345
WFC,20,150,0.10752402309099507,0.147282114192254,-0.03975809110125894,0.4353332553243094,0.4852999681309164,-0.04996671280660703,-0.45381010887928386,-0.5980649880286429,8.5,64.472049689441
WFC,20,200,0.1423521571369455,0.13503605024990595,0.007316106887039542,0.5539164753804035,0.4546348426970515,0.09928163268335194,-0.47002649764078686,-0.5980649880286424,8.0,66.92307692307692
WFC,30,50,0.060651207291340326,0.12657867420225588,-0.06592746691091556,0.2566231440526969,0.4378853317047214,-0.18126218765202445,-0.5350482511455114,-0.5980649880286433,17.0,57.19298245614035
WFC,30,100,0.10732945261811233,0.14474171516999657,-0.037412262551884234,0.4386924916296897,0.48079429204193597,-0.04210180041224626,-0.3973038753879443,-0.598064988028643,9.5,62.83132530120482
WFC,30,150,0.09959889459441129,0.147282114192254,-0.04768321959784272,0.40495381949352455,0.4852999681309164,-0.08034614863739187,-0.4772299038902369,-0.5980649880286429,7.5,64.22360248447205
WFC,30,200,0.1451145615804874,0.13503605024990595,0.010078511330581463,0.5602524703800367,0.4546348426970515,0.10561762768298516,-0.4924199478187263,-0.5980649880286424,5.0,68.71794871794872
WFC,50,100,0.10624969045064536,0.14474171516999657,-0.0384920247193512,0.43045552210324506,0.48079429204193597,-0.05033876993869091,-0.3696619956688252,-0.598064988028643,7.5,63.19277108433735
WFC,50,150,0.05590132278911675,0.147282114192254,-0.09138079140313726,0.23569487797258112,0.4852999681309164,-0.2496050901583353,-0.5107873344219291,-0.5980649880286429,6.5,65.96273291925466
WFC,50,200,0.10103514425403248,0.13503605024990595,-0.034000905995873465,0.400513624883586,0.4546348426970515,-0.054121217813465516,-0.4457393780629531,-0.5980649880286424,5.0,69.93589743589743
GS,5,50,0.12504129865787883,0.27570326275954193,-0.1506619641016631,0.5315913744957405,0.8428567205498381,-0.3112653460540976,-0.42265624161184623,-0.45621007131037333,30.0,66.25730994152048
GS,5,100,0.2097231468832219,0.2903892000897277,-0.08066605320650577,0.8738286529195414,0.8748950863752081,-0.0010664334556667043,-0.2843320094628824,-0.4562100713103731,15.5,70.18072289156626
GS,5,150,0.13186000082791227,0.2897322631551016,-0.15787226232718932,0.5484863727427253,0.8689242083751322,-0.3204378356324069,-0.40121317743572255,-0.45621007131037333,16.0,72.73291925465838
GS,5,200,0.1589302202017202,0.2940706958426038,-0.1351404756408836,0.6497052230474821,0.8748059963822319,-0.22510077333474976,-0.38447098117459316,-0.4562100713103732,16.0,71.53846153846153
GS,10,50,0.10041774046035878,0.27570326275954193,-0.17528552229918315,0.42687735198617427,0.8428567205498381,-0.4159793685636638,-0.47089939841926765,-0.45621007131037333,26.0,66.37426900584795
GS,10,100,0.12599549228412066,0.2903892000897277,-0.16439370780560703,0.5329150787720293,0.8748950863752081,-0.3419800076031788,-0.3712220456868612,-0.4562100713103731,14.0,70.12048192771084
GS,10,150,0.10346760522401621,0.2897322631551016,-0.18626465793108538,0.42946299381233144,0.8689242083751322,-0.43946121456280074,-0.4422807427705243,-0.45621007131037333,13.0,73.47826086956522
GS,10,200,0.08666122393972775,0.2940706958426038,-0.20740947190287606,0.3602935537422591,0.8748059963822319,-0.5145124426399728,-0.4993002462320135,-0.4562100713103732,14.0,71.7948717948718
GS,20,50,0.13350301692131006,0.27570326275954193,-0.14220024583823188,0.5631863872019851,0.8428567205498381,-0.27967033334785296,-0.46448447281201,-0.45621007131037333,23.0,66.25730994152048
GS,20,100,0.16459073235637356,0.2903892000897277,-0.12579846773335412,0.6775549898966109,0.8748950863752081,-0.19734009647859718,-0.33596155683104556,-0.4562100713103731,12.0,70.3012048192771
GS,20,150,0.17794508302651169,0.2897322631551016,-0.1117871801285899,0.7038817874023582,0.8689242083751322,-0.165042420972774,-0.4214247963488134,-0.45621007131037333,10.0,74.34782608695653
GS,20,200,0.15581088721512182,0.2940706958426038,-0.138259808627482,0.6108072687058167,0.8748059963822319,-0.2639987276764152,-0.4093879506482017,-0.4562100713103732,8.0,71.34615384615385
GS,30,50,0.15871075589553385,0.27570326275954193,-0.11699250686400808,0.6577399702220874,0.8428567205498381,-0.18511675032775066,-0.3606453565388306,-0.45621007131037333,20.0,65.32163742690058
GS,30,100,0.1830234332373546,0.2903892000897277,-0.10736576685237309,0.7427146500474263,0.8748950863752081,-0.13218043632778176,-0.3369176020062576,-0.4562100713103731,8.0,70.66265060240964
GS,30,150,0.1512197733237466,0.2897322631551016,-0.138512489831355,0.5787251171174094,0.8689242083751322,-0.2901990912577228,-0.42701053686512025,-0.45621007131037333,6.0,73.72670807453416
GS,30,200,0.16588776352428436,0.2940706958426038,-0.12818293231831945,0.6181527045073872,0.8748059963822319,-0.25665329187484465,-0.42002291216423865,-0.4562100713103732,7.0,71.28205128205128
GS,50,100,0.13050171747749695,0.2903892000897277,-0.15988748261223074,0.49891271006537424,0.8748950863752081,-0.37598237630983383,-0.43586359939208585,-0.4562100713103731,7.0,72.04819277108435
GS,50,150,0.1685298803750268,0.2897322631551016,-0.12120238278007478,0.609298962703877,0.8689242083751322,-0.2596252456712552,-0.4562100713103731,-0.45621007131037333,5.0,73.6024844720497
GS,50,200,0.18910244691134093,0.2940706958426038,-0.10496824893126289,0.6724206489052919,0.8748059963822319,-0.20238534747694004,-0.4562100713103734,-0.4562100713103732,6.0,71.41025641025641
JNJ,5,50,0.018378258123797453,0.08999803771509018,-0.07161977959129273,0.0009357801333644444,0.4056819425609711,-0.4047461624276067,-0.26172435341715183,-0.2736625561005848,35.0,58.47953216374269
JNJ,5,100,-0.015241533701874754,0.09237805231621565,-0.10761958601809041,-0.23085646434780008,0.4142684261084244,-0.6451248904562245,-0.33159931998980297,-0.2736625561005851,26.0,61.084337349397586
JNJ,5,150,-0.01161427962671746,0.10649545063898369,-0.11810973026570115,-0.20538106122352404,0.47911935320445254,-0.6845004144279766,-0.40907168809968886,-0.273662556100585,21.5,62.484472049689444
JNJ,5,200,-0.009454866388670213,0.10510883249665981,-0.11456369888533002,-0.17829905434610313,0.4700341077482282,-0.6483331620943313,-0.3480011447733337,-0.273662556100585,23.5,65.83333333333333
JNJ,10,50,0.013091576956820505,0.08999803771509018,-0.07690646075826968,-0.043129717428016454,0.4056819425609711,-0.4488116599889876,-0.3116961034774263,-0.2736625561005848,27.0,58.187134502923975
JNJ,10,100,-0.0016245296666510534,0.09237805231621565,-0.0940025819828667,-0.13940594699095574,0.4142684261084244,-0.5536743730993802,-0.29906482744783575,-0.2736625561005851,19.0,60.903614457831324
JNJ,10,150,-0.007522504915206785,0.10649545063898369,-0.11401795555419048,-0.16968414161184298,0.47911935320445254,-0.6488034948162955,-0.39280223520655344,-0.273662556100585,16.5,62.36024844720497
JNJ,10,200,0.014803962565218765,0.10510883249665981,-0.09030486993144105,-0.0063576665930407655,0.4700341077482282,-0.47639177434126895,-0.3368031589865378,-0.273662556100585,16.5,65.12820512820512
JNJ,20,50,0.03582689937522643,0.08999803771509018,-0.054171138339863756,0.13289996846908228,0.4056819425609711,-0.27278197409188887,-0.17046775518567303,-0.2736625561005848,21.0,58.01169590643275
JNJ,20,100,0.002064242361872637,0.09237805231621565,-0.09031380995434302,-0.09362300808788096,0.4142684261084244,-0.5078914341963053,-0.28827267433222165,-0.2736625561005851,11.0,63.313253012048186
JNJ,20,150,-0.009675275558568064,0.10649545063898369,-0.11617072619755175,-0.16196876316725706,0.47911935320445254,-0.6410881163717096,-0.40524570064478255,-0.273662556100585,12.5,63.35403726708074
JNJ,20,200,-0.007388946688105302,0.10510883249665981,-0.11249777918476511,-0.14100620355832422,0.4700341077482282,-0.6110403113065523,-0.3968870173689355,-0.273662556100585,10.5,65.64102564102564
JNJ,30,50,0.05584757320316425,0.08999803771509018,-0.03415046451192594,0.2726970807479639,0.4056819425609711,-0.13298486181300723,-0.18640793644994913,-0.2736625561005848,21.0,58.654970760233915
JNJ,30,100,-0.03356715543198985,0.09237805231621565,-0.1259452077482055,-0.31766530309785257,0.4142684261084244,-0.731933729206277,-0.4246903411998529,-0.2736625561005851,10.0,63.55421686746988
JNJ,30,150,-0.02072161535659911,0.10649545063898369,-0.1272170659955828,-0.22261383629479567,0.47911935320445254,-0.7017331894992482,-0.43488218322991484,-0.273662556100585,10.0,63.975155279503106
JNJ,30,200,-0.002142728115140824,0.10510883249665981,-0.10725156061180063,-0.09516739777011345,0.4700341077482282,-0.5652015055183416,-0.38908574236078414,-0.273662556100585,8.5,66.6025641025641
JNJ,50,100,-0.005307232094879932,0.09237805231621565,-0.09768528441109559,-0.11646894530044374,0.4142684261084244,-0.5307373714088681,-0.3220687891730222,-0.2736625561005851,11.0,62.048192771084345
JNJ,50,150,0.011261780204272043,0.10649545063898369,-0.09523367043471165,-0.007048541612180406,0.47911935320445254,-0.4861678948166329,-0.43349818809896834,-0.273662556100585,10.0,65.90062111801242
JNJ,50,200,0.012470894631599005,0.10510883249665981,-0.0926379378650608,-0.0004545612827671955,0.4700341077482282,-0.4704886690309954,-0.43244070332466383,-0.273662556100585,7.5,68.01282051282051
UNH,5,50,-0.008938607226419926,0.0575294189863087,-0.06646802621272863,-0.07254893094245446,0.25670218476746703,-0.3292511157099215,-0.39594496033526877,-0.6139086244722689,32.0,56.37426900584796
UNH,5,100,-0.05792100720379256,0.06302392057522233,-0.12094492777901489,-0.2767944132249319,0.27267046311815785,-0.5494648763430898,-0.5034814739697816,-0.6139086244722685,26.0,65.60240963855422
UNH,5,150,-0.042360932460200895,0.06528221416930413,-0.10764314662950503,-0.16298449797018433,0.2792093808565234,-0.44219387882670774,-0.5998559346444854,-0.6139086244722686,17.0,66.83229813664596
UNH,5,200,0.0037351992393763744,0.07124902545321232,-0.06751382621383595,0.03251232871242729,0.29568216542102543,-0.26316983670859817,-0.5265538844134116,-0.6139086244722681,11.0,67.5
UNH,10,50,-0.0388424136586486,0.0575294189863087,-0.0963718326449573,-0.22296068816077586,0.25670218476746703,-0.4796628729282429,-0.4883205351361017,-0.6139086244722689,25.0,56.14035087719298
UNH,10,100,-0.010365389194441521,0.06302392057522233,-0.07338930976966385,-0.050032019101786195,0.27267046311815785,-0.322702482219944,-0.5557711698640201,-0.6139086244722685,19.5,65.90361445783132
UNH,10,150,-0.05956721772316942,0.06528221416930413,-0.12484943189247355,-0.2315716064026074,0.2792093808565234,-0.5107809872591308,-0.609697312676271,-0.6139086244722686,15.0,66.45962732919256
UNH,10,200,-0.02329497536963021,0.07124902545321232,-0.09454400082284253,-0.07396811144360049,0.29568216542102543,-0.3696502768646259,-0.5152379990507865,-0.6139086244722681,8.0,67.24358974358975
UNH,20,50,-0.023377843157180722,0.0575294189863087,-0.08090726214348942,-0.14399402806784076,0.25670218476746703,-0.40069621283530776,-0.5326916877819993,-0.6139086244722689,20.0,55.67251461988304
UNH,20,100,-0.04107649378524891,0.06302392057522233,-0.10410041436047124,-0.18016038731174616,0.27267046311815785,-0.452830850429904,-0.551518356609854,-0.6139086244722685,16.5,66.86746987951807
UNH,20,150,0.008107028995835597,0.06528221416930413,-0.057175185173468535,0.03534853181762852,0.2792093808565234,-0.24386084903889488,-0.36029943698574807,-0.6139086244722686,8.0,66.77018633540372
UNH,20,200,0.04083943256934752,0.07124902545321232,-0.0304095928838648,0.1740285653102963,0.29568216542102543,-0.12165360011072912,-0.359326023337806,-0.6139086244722681,6.0,66.41025641025641
UNH,30,50,-0.0907973946701428,0.0575294189863087,-0.1483268136564515,-0.4939345632915403,0.25670218476746703,-0.7506367480590073,-0.6115925880214338,-0.6139086244722689,21.5,55.96491228070175
UNH,30,100,0.008965598606499814,0.06302392057522233,-0.05405832196872251,0.03974855246455605,0.27267046311815785,-0.2329219106536018,-0.2863380418603605,-0.6139086244722685,10.0,67.2289156626506
UNH,30,150,0.03871762990835248,0.06528221416930413,-0.02656458426095165,0.16851027689482864,0.2792093808565234,-0.11069910396169477,-0.3589987595822911,-0.6139086244722686,6.0,67.51552795031056
UNH,30,200,0.08441474368901658,0.07124902545321232,0.013165718235804258,0.3450658969184373,0.29568216542102543,0.049383731497411876,-0.35899875958229105,-0.6139086244722681,4.0,66.53846153846153
UNH,50,100,0.035725326741129715,0.06302392057522233,-0.02729859383409261,0.1548050047403717,0.27267046311815785,-0.11786545837778614,-0.38614484641047997,-0.6139086244722685,9.5,64.09638554216868
UNH,50,150,0.052875921628329214,0.06528221416930413,-0.012406292540974917,0.22521787257882137,0.2792093808565234,-0.05399150827770205,-0.3589987595822908,-0.6139086244722686,5.0,68.81987577639752
UNH,50,200,0.10976994360347136,0.07124902545321232,0.03852091815025904,0.43215827702614523,0.29568216542102543,0.1364761116051198,-0.3589987595822913,-0.6139086244722681,3.0,68.14102564102565
PFE,5,50,-0.0402538697623811,-0.023109188614935383,-0.017144681147445717,-0.3076166939287862,-0.05796614991452326,-0.24965054401426295,-0.5368016830253329,-0.5896198648362545,34.0,48.888888888888886
PFE,5,100,-0.03786971142634499,-0.02478615394278416,-0.013083557483560826,-0.2636067483873797,-0.06186422715407507,-0.2017425212333046,-0.4479408167892646,-0.5896198648362543,24.0,49.81927710843374
PFE,5,150,-0.0013473902465854781,-0.007606978706412915,0.0062595884598274365,-0.06883116398439622,0.004438915579400119,-0.07327007956379633,-0.416632864414501,-0.5896198648362541,15.5,48.38509316770187
PFE,5,200,-0.018155435192827474,-0.005841708333840678,-0.012313726858986795,-0.15514021413706894,0.01214270579775015,-0.16728291993481909,-0.4311984986993019,-0.5896198648362553,14.5,49.03846153846153
PFE,10,50,-0.06749910288651317,-0.023109188614935383,-0.04438991427157779,-0.49220892033780717,-0.05796614991452326,-0.4342427704232839,-0.5270404453297972,-0.5896198648362545,27.5,47.30994152046784
PFE,10,100,-0.05043249288142493,-0.02478615394278416,-0.025646338938640767,-0.33717591549414044,-0.06186422715407507,-0.27531168834006536,-0.48530133601429654,-0.5896198648362543,17.0,50.602409638554214
PFE,10,150,-0.005976835240598333,-0.007606978706412915,0.001630143465814582,-0.08410147627244398,0.004438915579400119,-0.08854039185184409,-0.3964058435857097,-0.5896198648362541,10.5,49.192546583850934
PFE,10,200,-0.02800222061354629,-0.005841708333840678,-0.022160512279705613,-0.2082643486349466,0.01214270579775015,-0.22040705443269676,-0.4611043169877487,-0.5896198648362553,11.5,49.743589743589745
PFE,20,50,-0.04599466913590411,-0.023109188614935383,-0.022885480520968726,-0.3350676017810228,-0.05796614991452326,-0.27710145186649954,-0.4507776664575378,-0.5896198648362545,24.0,48.888888888888886
PFE,20,100,-0.07197096106706924,-0.02478615394278416,-0.04718480712428508,-0.4726956930140524,-0.06186422715407507,-0.4108314658599773,-0.42687479497999936,-0.5896198648362543,13.5,49.93975903614458
PFE,20,150,-0.041532709294585746,-0.007606978706412915,-0.03392573058817283,-0.2801121932077087,0.004438915579400119,-0.2845511087871088,-0.4683693853869466,-0.5896198648362541,9.5,48.75776397515528
PFE,20,200,-0.011933777879819307,-0.005841708333840678,-0.006092069545978629,-0.10806069973350936,0.01214270579775015,-0.12020340553125951,-0.3832065994053623,-0.5896198648362553,8.5,50.76923076923077
PFE,30,50,-0.037863551110948634,-0.023109188614935383,-0.014754362496013251,-0.28728031076507343,-0.05796614991452326,-0.22931416085055017,-0.40560523881387295,-0.5896198648362545,25.0,47.54385964912281
PFE,30,100,-0.08495676001255503,-0.02478615394278416,-0.06017060606977087,-0.5455347157913985,-0.06186422715407507,-0.48367048863732337,-0.5080527629492563,-0.5896198648362543,11.5,49.93975903614458
PFE,30,150,-0.010192458200132593,-0.007606978706412915,-0.002585479493719678,-0.10241488369464485,0.004438915579400119,-0.10685379927404497,-0.30921952613244225,-0.5896198648362541,8.0,48.07453416149068
PFE,30,200,0.0002204192366170865,-0.005841708333840678,0.006062127570457765,-0.04485829914393059,0.01214270579775015,-0.05700100494168074,-0.3084857713430065,-0.5896198648362553,6.5,50.8974358974359
PFE,50,100,-0.07967866608890906,-0.02478615394278416,-0.054892512146124894,-0.4753968909496096,-0.06186422715407507,-0.4135326637955345,-0.5043609044178718,-0.5896198648362543,11.5,50.0
PFE,50,150,-0.025942269071282165,-0.007606978706412915,-0.01833529036486925,-0.17208614535222758,0.004438915579400119,-0.1765250609316277,-0.3379978773030038,-0.5896198648362541,8.0,46.64596273291926
PFE,50,200,-0.008650891758388402,-0.005841708333840678,-0.002809183424547723,-0.09877678884271744,0.01214270579775015,-0.11091949464046759,-0.3025649725801343,-0.5896198648362553,6.5,49.1025641025641
ABBV,5,50,0.09646526637516528,0.2207919000935583,-0.12432663371839303,0.4608642661171534,0.8156814471678644,-0.354817181050711,-0.26560227234378203,-0.340423432227499,31.5,60.76023391812866
ABBV,5,100,0.11227002394544194,0.22054623256941386,-0.10827620862397191,0.5184551943263023,0.8098248627112138,-0.2913696683849115,-0.2658610737289088,-0.3404234322274987,19.0,66.144578313253
ABBV,5,150,0.0744086283801142,0.2677919243363467,-0.1933832959562325,0.3208007971868459,0.9781706262556656,-0.6573698290688197,-0.3389465804084324,-0.3404234322274989,14.5,76.8944099378882
ABBV,5,200,0.07906874539933173,0.24743382663538815,-0.16836508123605642,0.335889932231371,0.9093394273936047,-0.5734494951622338,-0.35910661795462206,-0.3404234322274987,18.0,81.6025641025641
ABBV,10,50,0.10357849171196576,0.2207919000935583,-0.11721340838159255,0.49554437887598124,0.8156814471678644,-0.32013706829188315,-0.26907294948509547,-0.340423432227499,23.5,60.64327485380117
ABBV,10,100,0.07650036920132552,0.22054623256941386,-0.14404586336808833,0.33884733157123764,0.8098248627112138,-0.47097753113997615,-0.3138150018558174,-0.3404234322274987,14.5,65.72289156626506
ABBV,10,150,0.058362393766599796,0.2677919243363467,-0.2094295305697469,0.24964819527951743,0.9781706262556656,-0.7285224309761482,-0.3495878068846348,-0.3404234322274989,13.5,76.95652173913044
ABBV,10,200,0.048428777790605615,0.24743382663538815,-0.19900504884478254,0.20415886741387423,0.9093394273936047,-0.7051805599797305,-0.36980583823075164,-0.3404234322274987,14.5,82.05128205128204
ABBV,20,50,0.08833464752924414,0.2207919000935583,-0.13245725256431418,0.4020887298496886,0.8156814471678644,-0.4135927173181758,-0.3021883793840499,-0.340423432227499,21.0,62.4561403508772
ABBV,20,100,0.06390595810781696,0.22054623256941386,-0.1566402744615969,0.28125262088907527,0.8098248627112138,-0.5285722418221386,-0.31331699212947833,-0.3404234322274987,11.5,63.734939759036145
ABBV,20,150,0.08346860693887148,0.2677919243363467,-0.1843233173974752,0.3594843973687936,0.9781706262556656,-0.618686228886872,-0.34042343222749893,-0.3404234322274989,9.5,77.70186335403727
ABBV,20,200,0.1121237089525311,0.24743382663538815,-0.13531011768285706,0.4700035614196248,0.9093394273936047,-0.43933586597397994,-0.34042343222749866,-0.3404234322274987,9.5,82.82051282051283
ABBV,30,50,0.07349606984712165,0.2207919000935583,-0.14729583024643667,0.3280088226462184,0.8156814471678644,-0.487672624521646,-0.34431210196394574,-0.340423432227499,19.5,63.50877192982456
ABBV,30,100,0.03912891303315358,0.22054623256941386,-0.18141731953626028,0.1607443641601323,0.8098248627112138,-0.6490804985510815,-0.3404234322274986,-0.3404234322274987,10.5,63.19277108433735
ABBV,30,150,0.0807534571068016,0.2677919243363467,-0.1870384672295451,0.3448005447556646,0.9781706262556656,-0.6333700815000011,-0.34042343222749905,-0.3404234322274989,8.5,78.38509316770185
ABBV,30,200,0.1022908350305225,0.24743382663538815,-0.14514299160486566,0.42572633180434305,0.9093394273936047,-0.4836130955892617,-0.3404234322274987,-0.3404234322274987,11.5,84.42307692307692
ABBV,50,100,-0.01672970352309222,0.22054623256941386,-0.23727593609250608,-0.1176437381206403,0.8098248627112138,-0.9274686008318541,-0.4411552577532996,-0.3404234322274987,11.5,62.048192771084345
ABBV,50,150,0.033078920002750145,0.2677919243363467,-0.23471300433359654,0.13708426620462497,0.9781706262556656,-0.8410863600510406,-0.37905724665033086,-0.3404234322274989,9.5,75.90062111801242
ABBV,50,200,0.12851285622588948,0.24743382663538815,-0.11892097040949867,0.5190969428050597,0.9093394273936047,-0.39024248458854505,-0.3404234322274983,-0.3404234322274987,6.5,87.5
BA,5,50,0.028846776254769724,-0.07488173643470941,0.10372851268947914,0.1369119771328708,0.013940487748555481,0.1229714893843153,-0.395909102919175,-0.754234678741867,30.0,43.918128654970765
BA,5,100,-0.09638539577980121,-0.06756270998188596,-0.02882268579791525,-0.40233520844146287,0.034877893514893385,-0.43721310195635626,-0.5525974464309635,-0.7515235831249586,23.5,44.75903614457831
BA,5,150,-0.0586115920676159,-0.06122215777788176,0.0026105657102658553,-0.2812757299873886,0.05299411906492951,-0.3342698490523181,-0.4345782992564836,-0.7515235831249587,13.5,43.41614906832298
BA,5,200,0.015631805567135393,-0.08109696237732067,0.09672876794445606,0.054319027461364223,0.013446719270945127,0.04087230819041909,-0.3289463574613602,-0.7441158664156775,11.0,42.43589743589744
BA,10,50,-0.009005405799864974,-0.07488173643470941,0.06587633063484444,0.0019999955201361443,0.013940487748555481,-0.011940492228419336,-0.4523476087721496,-0.754234678741867,24.0,44.32748538011696
BA,10,100,-0.11467482153872322,-0.06756270998188596,-0.047112111556837255,-0.5222010964975515,0.034877893514893385,-0.5570789900124449,-0.6571011944498848,-0.7515235831249586,17.5,44.45783132530121
BA,10,150,-0.04058188305298194,-0.06122215777788176,0.02064027472489982,-0.2009482159481172,0.05299411906492951,-0.25394233501304675,-0.45007446596448086,-0.7515235831249587,12.0,42.608695652173914
BA,10,200,-0.043597121937644645,-0.08109696237732067,0.037499840439676024,-0.22481415751296363,0.013446719270945127,-0.23826087678390875,-0.44964135244140824,-0.7441158664156775,9.0,42.5
BA,20,50,-0.10271501264093352,-0.07488173643470941,-0.02783327620622411,-0.4285163481940392,0.013940487748555481,-0.4424568359425947,-0.6145439582873302,-0.754234678741867,20.0,42.33918128654971
BA,20,100,-0.08717762105903604,-0.06756270998188596,-0.019614911077150077,-0.409062799556994,0.034877893514893385,-0.4439406930718874,-0.6030905784851476,-0.7515235831249586,11.0,43.25301204819277
BA,20,150,-0.046600303547321364,-0.06122215777788176,0.014621854230560394,-0.20722440717824772,0.05299411906492951,-0.2602185262431772,-0.41466742709193466,-0.7515235831249587,9.0,43.850931677018636
BA,20,200,-0.025352331817907303,-0.08109696237732067,0.055744630559413366,-0.14886369702799884,0.013446719270945127,-0.16231041629894397,-0.34323946455468013,-0.7441158664156775,7.0,41.66666666666667
BA,30,50,-0.07555931982099306,-0.07488173643470941,-0.0006775833862836533,-0.3048459397567037,0.013940487748555481,-0.3187864275052592,-0.5933043392193242,-0.754234678741867,18.5,42.22222222222222
BA,30,100,-0.12497238129753818,-0.06756270998188596,-0.05740967131565222,-0.5657583516711415,0.034877893514893385,-0.6006362451860349,-0.6264146839840411,-0.7515235831249586,12.0,43.97590361445783
BA,30,150,-0.012240769224503345,-0.06122215777788176,0.04898138855337841,-0.04602396742574315,0.05299411906492951,-0.09901808649067266,-0.4494513997748471,-0.7515235831249587,9.0,44.84472049689441
BA,30,200,-0.046288403750849416,-0.08109696237732067,0.03480855862647125,-0.2324561896940995,0.013446719270945127,-0.24590290896504463,-0.4466321589409041,-0.7441158664156775,5.5,41.98717948717949
BA,50,100,-0.09401475788444402,-0.06756270998188596,-0.026452047902558062,-0.39508360819823507,0.034877893514893385,-0.42996150171312847,-0.5781005177427415,-0.7515235831249586,10.0,44.33734939759036
BA,50,150,-0.019948142497781984,-0.06122215777788176,0.041274015280099774,-0.07881868116991476,0.05299411906492951,-0.13181280023484426,-0.5259586643331973,-0.7515235831249587,6.0,45.900621118012424
BA,50,200,-0.006957958399026021,-0.08109696237732067,0.07413900397829465,-0.034432770862208376,0.013446719270945127,-0.0478794901331535,-0.5313850107349211,-0.7441158664156775,4.0,43.07692307692308
CAT,5,50,0.11676521467079204,0.2662646210154398,-0.14949940634464776,0.47888161870305335,0.8224607707972118,-0.34357915209415846,-0.46056304524872643,-0.3855426217765042,29.0,64.03508771929825
CAT,5,100,0.16925646579948306,0.29124182131371357,-0.12198535551423051,0.6961740532383786,0.8812738845839634,-0.18509983134558483,-0.3151713493075309,-0.3855426217765043,19.5,61.9277108433735
CAT,5,150,0.11612256517822095,0.3009839973206516,-0.18486143214243067,0.4769303443680033,0.9002169273317538,-0.42328658296375055,-0.3667633279127896,-0.38554262177650384,20.5,67.01863354037268
CAT,5,200,0.18326453369898754,0.29635663977396365,-0.1130921060749761,0.7117889705404068,0.8860649375655849,-0.1742759670251781,-0.34892112006387294,-0.38554262177650467,11.5,73.91025641025641
CAT,10,50,0.15016863895236754,0.2662646210154398,-0.11609598206307226,0.612166649704607,0.8224607707972118,-0.2102941210926048,-0.37972708238662056,-0.3855426217765042,23.0,62.98245614035088
CAT,10,100,0.115177238697872,0.29124182131371357,-0.17606458261584157,0.4801197891355385,0.8812738845839634,-0.4011540954484249,-0.3607355817581085,-0.3855426217765043,16.5,61.98795180722891
CAT,10,150,0.10856786814384267,0.3009839973206516,-0.19241612917680895,0.44644785376809876,0.9002169273317538,-0.4537690735636551,-0.40653949420721025,-0.38554262177650384,14.5,66.83229813664596
CAT,10,200,0.1597636330822536,0.29635663977396365,-0.13659300669171004,0.6233915149421253,0.8860649375655849,-0.2626734226234596,-0.39836094601984806,-0.38554262177650467,9.5,73.65384615384616
CAT,20,50,0.1932098425555171,0.2662646210154398,-0.0730547784599227,0.7739521288869124,0.8224607707972118,-0.048508641910299355,-0.38056601056652006,-0.3855426217765042,16.0,64.09356725146199
CAT,20,100,0.10895464310264158,0.29124182131371357,-0.182287178211072,0.45846385808874174,0.8812738845839634,-0.42281002649522165,-0.4426120744124951,-0.3855426217765043,12.5,60.722891566265055
CAT,20,150,0.1256352846242641,0.3009839973206516,-0.17534871269638752,0.5112348388797276,0.9002169273317538,-0.3889820884520262,-0.43164382009984265,-0.38554262177650384,8.0,67.51552795031056
CAT,20,200,0.12212507712485476,0.29635663977396365,-0.17423156264910888,0.48978000899173463,0.8860649375655849,-0.3962849285738503,-0.46542005736880715,-0.38554262177650467,8.5,73.46153846153847
CAT,30,50,0.1524968732455252,0.2662646210154398,-0.1137677477699146,0.6198109201536393,0.8224607707972118,-0.20264985064357255,-0.4794957380459076,-0.3855426217765042,15.0,63.50877192982456
CAT,30,100,0.10184317958187883,0.29124182131371357,-0.18939864173183474,0.4315733410938458,0.8812738845839634,-0.44970054349011757,-0.45267742269874595,-0.3855426217765043,12.0,60.42168674698796
CAT,30,150,0.10566164660226285,0.3009839973206516,-0.19532235071838877,0.43496912743142163,0.9002169273317538,-0.4652477999003322,-0.4510147022399219,-0.38554262177650384,9.0,67.01863354037268
CAT,30,200,0.07964566333432299,0.29635663977396365,-0.21671097643964066,0.3258540164226569,0.8860649375655849,-0.560210921142928,-0.4818723782138575,-0.38554262177650467,7.5,73.91025641025641
CAT,50,100,0.14178306015335318,0.29124182131371357,-0.1494587611603604,0.5884539360181817,0.8812738845839634,-0.29281994856578164,-0.3694131782222665,-0.3855426217765043,9.0,60.722891566265055
CAT,50,150,0.047339821299560825,0.3009839973206516,-0.2536441760210908,0.2028347071880278,0.9002169273317538,-0.6973822201437261,-0.4138533136863366,-0.38554262177650384,7.5,65.71428571428571
CAT,50,200,0.08413462313392372,0.29635663977396365,-0.21222201664003992,0.3401553954243938,0.8860649375655849,-0.545909542141191,-0.40023905186932585,-0.38554262177650467,5.5,72.6923076923077
HON,5,50,0.011596889807535815,0.06520102239234027,-0.053604132584804454,-0.011112460259813063,0.27140876558012306,-0.2825212258399361,-0.3146621006463897,-0.4301033692992311,31.0,56.84210526315789
HON,5,100,-0.003546951290684053,0.05502429565642242,-0.05857124694710647,-0.10761143953354166,0.23421622744768217,-0.3418276669812238,-0.2887523265334003,-0.43010336929923115,24.5,55.60240963855422
HON,5,150,0.0011463271445981693,0.06124852716386431,-0.06010220001926614,-0.07958327370571364,0.2561695945522896,-0.3357528682580032,-0.2519144591597295,-0.4301033692992311,18.5,57.267080745341616
HON,5,200,0.01519878785676343,0.060695766697637765,-0.045496978840874336,0.005736379308804542,0.25323010204258606,-0.2474937227337815,-0.2605453175940396,-0.4301033692992317,20.5,60.57692307692307
HON,10,50,0.01863997842822962,0.06520102239234027,-0.04656104396411065,0.03287834848357671,0.27140876558012306,-0.23853041709654635,-0.3654157407182382,-0.4301033692992311,22.0,57.19298245614035
HON,10,100,0.0037927060475859697,0.05502429565642242,-0.05123158960883645,-0.06126976519061459,0.23421622744768217,-0.2954859926382968,-0.26997368322695553,-0.43010336929923115,17.0,55.12048192771084
HON,10,150,0.004736515878387415,0.06124852716386431,-0.05651201128547689,-0.06239251442158518,0.2561695945522896,-0.31856210897387477,-0.2495280561613799,-0.4301033692992311,12.5,56.77018633540373
HON,10,200,0.005584347998825345,0.060695766697637765,-0.05511141869881242,-0.05456610747420407,0.25323010204258606,-0.3077962095167901,-0.3163567329352332,-0.4301033692992317,12.5,60.57692307692307
HON,20,50,0.027026549920817322,0.06520102239234027,-0.03817447247152295,0.08409487360142646,0.27140876558012306,-0.18731389197869658,-0.3727457941978196,-0.4301033692992311,20.5,56.08187134502924
HON,20,100,-0.011307337602287082,0.05502429565642242,-0.0663316332587095,-0.1606759172382615,0.23421622744768217,-0.3948921446859437,-0.37963329211419977,-0.43010336929923115,11.5,55.06024096385542
HON,20,150,-0.009634989410889916,0.06124852716386431,-0.07088351657475422,-0.14391745175121667,0.2561695945522896,-0.4000870463035063,-0.3183329219783083,-0.4301033692992311,10.5,57.20496894409938
HON,20,200,0.013045091114513241,0.060695766697637765,-0.047650675583124524,-0.002767661808225295,0.25323010204258606,-0.25599776385081136,-0.31703558978241575,-0.4301033692992317,8.5,61.15384615384616
HON,30,50,0.011742733038602848,0.06520102239234027,-0.05345828935373742,-0.0056446741941087175,0.27140876558012306,-0.2770534397742318,-0.4578396685100952,-0.4301033692992311,21.5,54.61988304093567
HON,30,100,-0.011385501574339707,0.05502429565642242,-0.06640979723076212,-0.16493151598314248,0.23421622744768217,-0.39914774343082465,-0.4042610651387996,-0.43010336929923115,10.5,55.42168674698795
HON,30,150,-0.03213841205240342,0.06124852716386431,-0.09338693921626773,-0.26612775722250914,0.2561695945522896,-0.5222973517747987,-0.35400576205406137,-0.4301033692992311,8.5,57.826086956521735
HON,30,200,-0.022241895747531215,0.060695766697637765,-0.08293766244516898,-0.20324942318456773,0.25323010204258606,-0.4564795252271538,-0.31934540735542927,-0.4301033692992317,8.5,60.76923076923077
HON,50,100,0.03382235036376646,0.05502429565642242,-0.021201945292655955,0.12345278049480485,0.23421622744768217,-0.11076344695287732,-0.24828932687894176,-0.43010336929923115,11.5,57.46987951807229
HON,50,150,-0.03583559851712648,0.06124852716386431,-0.09708412568099078,-0.25208537783028195,0.2561695945522896,-0.5082549723825716,-0.37919311153536844,-0.4301033692992311,7.5,59.006211180124225
HON,50,200,-0.029927483833616986,0.060695766697637765,-0.09062325053125475,-0.21600004606298315,0.25323010204258606,-0.4692301481055692,-0.371681740359142,-0.4301033692992317,5.5,59.87179487179487
UPS,5,50,-0.06006867089965673,0.02289074244956235,-0.08295941334921908,-0.2961483544893795,0.13757599881558566,-0.43372435330496517,-0.6701131782195515,-0.5791770911434038,34.0,51.16959064327485
UPS,5,100,-0.047947448924397396,0.04439315629613749,-0.09234060522053489,-0.26305361068495653,0.206952223565974,-0.47000583425093057,-0.6856662266259449,-0.5791770911434042,22.5,45.8433734939759
UPS,5,150,-0.027916191361346154,0.01716287209422318,-0.045079063455569335,-0.1821478121858882,0.11857220539229195,-0.3007200175781802,-0.5608659483412601,-0.5791770911434044,21.0,47.88819875776398
UPS,5,200,-0.03822915156185158,0.014018204231803777,-0.05224735579365536,-0.2397095293337512,0.10893302890742777,-0.34864255824117896,-0.5674510827376231,-0.5791770911434049,14.0,43.58974358974359
UPS,10,50,-0.041147937922103694,0.02289074244956235,-0.06403868037166605,-0.20354646060344642,0.13757599881558566,-0.3411224594190321,-0.6405690455152776,-0.5791770911434038,25.0,50.526315789473685
UPS,10,100,-0.019863078855964722,0.04439315629613749,-0.06425623515210221,-0.1286286989990708,0.206952223565974,-0.3355809225650448,-0.602948742328937,-0.5791770911434042,16.5,46.08433734939759
UPS,10,150,-0.02382547414244207,0.01716287209422318,-0.04098834623666525,-0.15242224635467672,0.11857220539229195,-0.2709944517469687,-0.5633153014849529,-0.5791770911434044,15.0,47.018633540372676
UPS,10,200,0.012282135268175454,0.014018204231803777,-0.0017360689636283233,0.021773217269075995,0.10893302890742777,-0.08715981163835178,-0.44966202382736004,-0.5791770911434049,9.0,43.205128205128204
UPS,20,50,0.007179067893467117,0.02289074244956235,-0.015711674556095234,0.0161933223033129,0.13757599881558566,-0.12138267651227276,-0.5475665520827842,-0.5791770911434038,20.0,50.35087719298246
UPS,20,100,-0.014720819161837873,0.04439315629613749,-0.059113975457975365,-0.10729346998381703,0.206952223565974,-0.31424569354979104,-0.5616389764856432,-0.5791770911434042,13.5,46.9277108433735
UPS,20,150,-0.016048569274998647,0.01716287209422318,-0.03321144136922183,-0.13137130878100658,0.11857220539229195,-0.24994351417329852,-0.5275494693870233,-0.5791770911434044,10.0,46.14906832298137
UPS,20,200,0.04396202778709424,0.014018204231803777,0.02994382355529046,0.1782889256864401,0.10893302890742777,0.06935589677901231,-0.37784174583600205,-0.5791770911434049,6.0,43.52564102564103
UPS,30,50,0.022770855650149135,0.02289074244956235,-0.00011988679941321578,0.0854611130795119,0.13757599881558566,-0.05211488573607376,-0.5180454636962631,-0.5791770911434038,18.0,50.23391812865498
UPS,30,100,0.024134318174020786,0.04439315629613749,-0.020258838122116707,0.08164051281335974,0.206952223565974,-0.12531171075261427,-0.45880202622373983,-0.5791770911434042,10.5,46.08433734939759
UPS,30,150,-0.008515492269177583,0.01716287209422318,-0.025678364363400763,-0.09841522990033458,0.11857220539229195,-0.21698743529262654,-0.5000457103607336,-0.5791770911434044,10.0,44.90683229813664
UPS,30,200,0.0313417356308201,0.014018204231803777,0.017323531399016323,0.11346458001176216,0.10893302890742777,0.004531551104334383,-0.4729447140792632,-0.5791770911434049,5.0,44.166666666666664
UPS,50,100,0.029279663720171323,0.04439315629613749,-0.01511349257596617,0.10633949805464024,0.206952223565974,-0.10061272551133377,-0.49251322774381173,-0.5791770911434042,10.0,45.903614457831324
UPS,50,150,-0.007908444488925359,0.01716287209422318,-0.02507131658314854,-0.0997702616501662,0.11857220539229195,-0.21834246704245813,-0.43174251464086194,-0.5791770911434044,8.5,40.80745341614907
UPS,50,200,0.02462859936609152,0.014018204231803777,0.010610395134287742,0.07967355196194031,0.10893302890742777,-0.02925947694548746,-0.32074909507288757,-0.5791770911434049,4.0,43.782051282051285
NEE,5,50,0.03550160524176427,0.1061865741056327,-0.07068496886386844,0.14067822677077282,0.40424963308972983,-0.26357140631895704,-0.29428598249232346,-0.44969711836928494,27.5,60.4093567251462
NEE,5,100,0.029394300085699765,0.09888126593355784,-0.06948696584785807,0.11134610791692276,0.3796262640632825,-0.2682801561463597,-0.37002070135586596,-0.4496971183692844,20.0,60.54216867469879
NEE,5,150,0.020356497367873816,0.09723928023575779,-0.07688278286788397,0.06686729416258765,0.3729533653970374,-0.30608607123444975,-0.3842527501328176,-0.4496971183692851,17.0,59.378881987577635
NEE,5,200,-0.03674105149804574,0.08373152639942516,-0.1204725778974709,-0.19378118460998464,0.32927061836841204,-0.5230518029783967,-0.4480712100871516,-0.4496971183692861,16.0,60.256410256410255
NEE,10,50,0.044327677480954675,0.1061865741056327,-0.06185889662467803,0.18523611149054275,0.40424963308972983,-0.21901352159918708,-0.30841419841262996,-0.44969711836928494,21.5,61.16959064327485
NEE,10,100,0.023911219895384583,0.09888126593355784,-0.07497004603817325,0.08927314907587926,0.3796262640632825,-0.29035311498740324,-0.4254413415377632,-0.4496971183692844,14.0,60.8433734939759
NEE,10,150,-0.006762488430439473,0.09723928023575779,-0.10400176866619726,-0.05544047534000068,0.3729533653970374,-0.42839384073703807,-0.4642645201271606,-0.4496971183692851,13.0,58.94409937888199
NEE,10,200,-0.026887798867159418,0.08373152639942516,-0.11061932526658458,-0.14612425909750162,0.32927061836841204,-0.4753948774659137,-0.4685987264539881,-0.4496971183692861,10.0,60.0
NEE,20,50,0.0610003286426708,0.1061865741056327,-0.045186245462961905,0.2651303366741247,0.40424963308972983,-0.1391192964156051,-0.3313731239081148,-0.44969711836928494,18.5,62.69005847953216
NEE,20,100,-0.0015071581605903273,0.09888126593355784,-0.10038842409414817,-0.02821655551677806,0.3796262640632825,-0.4078428195800605,-0.5377308811686795,-0.4496971183692844,10.0,60.54216867469879
NEE,20,150,0.014845504670100818,0.09723928023575779,-0.08239377556565697,0.054582080256728276,0.3729533653970374,-0.3183712851403091,-0.46047785433612337,-0.4496971183692851,8.0,58.13664596273293
NEE,20,200,0.010195192518598795,0.08373152639942516,-0.07353633388082637,0.04011092665988576,0.32927061836841204,-0.2891596917085263,-0.44853605774767996,-0.4496971183692861,8.0,60.51282051282051
NEE,30,50,-0.028849741079922664,0.1061865741056327,-0.13503631518555537,-0.1590877897069944,0.40424963308972983,-0.5633374227967243,-0.5201720685079962,-0.44969711836928494,20.5,63.2748538011696
NEE,30,100,0.0314077953731291,0.09888126593355784,-0.06747347056042874,0.13105905071109034,0.3796262640632825,-0.24856721335219215,-0.5242931831985488,-0.4496971183692844,9.0,59.81927710843373
NEE,30,150,0.015411987156550566,0.09723928023575779,-0.08182729307920722,0.06379120693193024,0.3729533653970374,-0.30916215846510714,-0.4981092094742011,-0.4496971183692851,8.0,58.19875776397515
NEE,30,200,0.01148937342652312,0.08373152639942516,-0.07224215297290204,0.05093909209120865,0.32927061836841204,-0.27833152627720337,-0.4859395110726639,-0.4496971183692861,8.0,60.128205128205124
NEE,50,100,0.08412769804481446,0.09888126593355784,-0.01475356788874338,0.3521375831042037,0.3796262640632825,-0.027488680959078804,-0.3668079055873057,-0.4496971183692844,8.0,60.48192771084337
NEE,50,150,0.04896220757336245,0.09723928023575779,-0.04827707266239534,0.20736299171352357,0.3729533653970374,-0.16559037368351381,-0.3724695885972966,-0.4496971183692851,6.0,57.7639751552795
NEE,50,200,0.02507498523949203,0.08373152639942516,-0.05865654115993313,0.11087749453682867,0.32927061836841204,-0.21839312383158338,-0.3563176884030869,-0.4496971183692861,6.0,60.96153846153847
DUK,5,50,-0.01101509712655302,0.08101022080756937,-0.09202531793412239,-0.19321530673289034,0.3412170715246362,-0.5344323782575265,-0.3363053962555691,-0.37371864174848024,34.5,60.23391812865497
DUK,5,100,-0.030053176345368637,0.08482286141915663,-0.11487603776452526,-0.30972219707829557,0.3551383492774917,-0.6648605463557873,-0.3794667844977341,-0.37371864174847996,28.5,64.93975903614458
DUK,5,150,0.005810082182658549,0.09132762533178784,-0.0855175431491293,-0.05620462061139587,0.3792316324821954,-0.43543625309359124,-0.3538828807153512,-0.37371864174848013,16.5,70.6832298136646
DUK,5,200,0.02566486866395623,0.07701341779186821,-0.05134854912791198,0.06974269917239635,0.31960770185361265,-0.2498650026812163,-0.23265577880522892,-0.3737186417484801,13.5,70.51282051282051
DUK,10,50,-0.028783117568462968,0.08101022080756937,-0.10979333837603233,-0.31499933571685973,0.3412170715246362,-0.656216407241496,-0.3852756263511825,-0.37371864174848024,29.5,59.590643274853804
DUK,10,100,-0.026222207019924948,0.08482286141915663,-0.11104506843908157,-0.23375562659203078,0.3551383492774917,-0.5888939758695225,-0.4029333151413851,-0.37371864174847996,19.0,64.45783132530121
DUK,10,150,-0.0014275095504210356,0.09132762533178784,-0.09275513488220888,-0.07872412193199196,0.3792316324821954,-0.45795575441418734,-0.3371121540908538,-0.37371864174848013,15.0,70.55900621118012
DUK,10,200,0.013950278812152161,0.07701341779186821,-0.06306313897971605,0.012464890568818915,0.31960770185361265,-0.3071428112847937,-0.27151185332233446,-0.3737186417484801,8.5,70.38461538461539
DUK,20,50,-0.007829640804452032,0.08101022080756937,-0.0888398616120214,-0.12315437209047207,0.3412170715246362,-0.4643714436151083,-0.38299853577144605,-0.37371864174848024,25.5,59.53216374269006
DUK,20,100,-0.0622368501639855,0.08482286141915663,-0.14705971158314213,-0.4405679114332418,0.3551383492774917,-0.7957062607107335,-0.5083817245420506,-0.37371864174847996,17.5,61.98795180722891
DUK,20,150,-0.00027073437660907196,0.09132762533178784,-0.09159835970839691,-0.0636758691197633,0.3792316324821954,-0.4429075016019587,-0.3416669765099764,-0.37371864174848013,10.5,69.8136645962733
DUK,20,200,-0.004116755260511029,0.07701341779186821,-0.08113017305237924,-0.07599306304937091,0.31960770185361265,-0.39560076490298357,-0.40108968217849206,-0.3737186417484801,4.5,71.98717948717949
DUK,30,50,-0.04285603638049984,0.08101022080756937,-0.1238662571880692,-0.32618686912361544,0.3412170715246362,-0.6674039406482517,-0.49081458189905075,-0.37371864174848024,24.5,60.877192982456144
DUK,30,100,-0.037104426850050776,0.08482286141915663,-0.1219272882692074,-0.25827164623840415,0.3551383492774917,-0.6134099955158958,-0.4069867556409704,-0.37371864174847996,12.5,60.60240963855422
DUK,30,150,-0.01839241471649944,0.09132762533178784,-0.10972004004828728,-0.1499928448618816,0.3792316324821954,-0.529224477344077,-0.3800966436434981,-0.37371864174848013,10.5,69.87577639751554
DUK,30,200,0.03821888429931164,0.07701341779186821,-0.03879453349255657,0.15190607802069922,0.31960770185361265,-0.16770162383291343,-0.37371864174847996,-0.3737186417484801,4.5,72.75641025641025
DUK,50,100,-0.03663270584828604,0.08482286141915663,-0.12145556726744267,-0.23132752683468893,0.3551383492774917,-0.5864658761121806,-0.3809908668152759,-0.37371864174847996,13.5,62.53012048192771
DUK,50,150,-0.0050441766468186655,0.09132762533178784,-0.09637180197860651,-0.06696029245154339,0.3792316324821954,-0.44619192493373877,-0.37512767599701224,-0.37371864174848013,7.0,71.18012422360248
DUK,50,200,0.036328859226900434,0.07701341779186821,-0.04068455856496778,0.14484084400411612,0.31960770185361265,-0.17476685784949653,-0.3737186417484802,-0.3737186417484801,3.0,72.37179487179488
SO,5,50,0.07204763713507245,0.12276181454125434,-0.05071417740618189,0.3779677877016876,0.4891737823233263,-0.11120599462163872,-0.21359066591034673,-0.38434846194377054,28.5,62.4561403508772
SO,5,100,0.027319124918322446,0.11634416996779628,-0.08902504504947384,0.08153221602996044,0.46271552590789655,-0.38118330987793614,-0.3277762682789377,-0.38434846194377015,20.5,69.51807228915663
SO,5,150,0.023011736968434837,0.11512194674036991,-0.09211020977193507,0.058526218951598166,0.4555193820995583,-0.3969931631479601,-0.3222074857817631,-0.38434846194377054,17.5,71.11801242236024
SO,5,200,0.019692953046063444,0.10240647888572219,-0.08271352583965874,0.042657046217831306,0.4063997759426157,-0.36374272972478444,-0.3146275271836643,-0.3843484619437707,14.5,76.6025641025641
SO,10,50,0.06202143745180222,0.12276181454125434,-0.060740377089452124,0.30727302090871306,0.4891737823233263,-0.18190076141461325,-0.22551506862153056,-0.38434846194377054,22.5,62.92397660818714
SO,10,100,0.03072947655232916,0.11634416996779628,-0.08561469341546712,0.10278692630436223,0.46271552590789655,-0.3599285996035343,-0.3246482449374436,-0.38434846194377015,15.5,69.39759036144578
SO,10,150,0.036883726305294795,0.11512194674036991,-0.07823822043507511,0.1411359336528472,0.4555193820995583,-0.31438344844671107,-0.29859591127144347,-0.38434846194377054,9.5,71.61490683229815
SO,10,200,0.04270904592620939,0.10240647888572219,-0.0596974329595128,0.17338738153120736,0.4063997759426157,-0.23301239441140836,-0.3221227167750507,-0.3843484619437707,7.5,77.37179487179488
SO,20,50,0.061266876227728195,0.12276181454125434,-0.06149493831352615,0.29315546807895715,0.4891737823233263,-0.19601831424436916,-0.23337534513621486,-0.38434846194377054,18.5,63.74269005847953
SO,20,100,0.0012111343067773284,0.11634416996779628,-0.11513303566101896,-0.06382004697045762,0.46271552590789655,-0.5265355728783542,-0.4421601622118333,-0.38434846194377015,12.5,68.49397590361446
SO,20,150,0.02372774364707886,0.11512194674036991,-0.09139420309329105,0.07881341849783625,0.4555193820995583,-0.37670596360172204,-0.3218293012689584,-0.38434846194377054,7.5,72.48447204968944
SO,20,200,-0.009960452058315195,0.10240647888572219,-0.11236693094403738,-0.07934372898031568,0.4063997759426157,-0.4857435049229314,-0.4252388618968538,-0.3843484619437707,6.5,76.85897435897436
SO,30,50,0.00894280281879456,0.12276181454125434,-0.11381901172245978,-0.02467985779760537,0.4891737823233263,-0.5138536401209317,-0.4071498451921805,-0.38434846194377054,18.5,63.976608187134495
SO,30,100,-0.02154887213103629,0.11634416996779628,-0.13789304209883257,-0.15589394772750867,0.46271552590789655,-0.6186094736354052,-0.5051584020179055,-0.38434846194377015,10.5,68.73493975903614
SO,30,150,-0.0005574535022861982,0.11512194674036991,-0.1156794002426561,-0.03107581449958259,0.4555193820995583,-0.48659519659914086,-0.3843484619437703,-0.38434846194377054,7.5,73.35403726708074
SO,30,200,0.04436501441528229,0.10240647888572219,-0.058041464470439896,0.1833311032165545,0.4063997759426157,-0.22306867272606123,-0.38434846194377037,-0.3843484619437707,5.5,76.08974358974359
SO,50,100,0.004680699124637533,0.11634416996779628,-0.11166347084315875,0.0008153854721268632,0.46271552590789655,-0.4619001404357697,-0.38434846194377065,-0.38434846194377015,11.5,69.03614457831326
SO,50,150,0.04218338985777792,0.11512194674036991,-0.07293855688259199,0.17554271183066972,0.4555193820995583,-0.27997667026888856,-0.3843484619437703,-0.38434846194377054,5.5,76.27329192546584
SO,50,200,0.02767855205580716,0.10240647888572219,-0.07472792682991503,0.11471216791125456,0.4063997759426157,-0.2916876080313612,-0.38434846194377037,-0.3843484619437707,4.5,78.78205128205128
LIN,5,50,0.08337483211308272,0.1576078507733667,-0.07423301866028398,0.41515912592441195,0.6150759126736455,-0.19991678674923352,-0.19497915351335374,-0.3258507285327689,27.0,65.49707602339181
LIN,5,100,0.06452661444622798,0.15227138810537078,-0.0877447736591428,0.29723240497050785,0.5950695509890489,-0.29783714601854105,-0.26787680346869225,-0.32585072853276914,19.5,72.71084337349397
LIN,5,150,0.08807905386359338,0.15115325886060438,-0.063074204997011,0.41298178615271386,0.5882807116335644,-0.17529892548085058,-0.3230445258679984,-0.32585072853276903,13.5,79.25465838509317
LIN,5,200,0.09737896354136044,0.1510915415635654,-0.05371257802220497,0.4570792399627337,0.5853688932061252,-0.12828965324339148,-0.28305182483288965,-0.32585072853276886,9.5,79.23076923076923
LIN,10,50,0.06077395626444204,0.1576078507733667,-0.09683389450892466,0.2801941444627102,0.6150759126736455,-0.3348817682109353,-0.25420694630082963,-0.3258507285327689,21.0,66.37426900584795
LIN,10,100,0.07706444598320883,0.15227138810537078,-0.07520694212216195,0.3615447088398389,0.5950695509890489,-0.23352484214921,-0.26114385544155777,-0.32585072853276914,14.5,72.40963855421687
LIN,10,150,0.06427538192180182,0.15115325886060438,-0.08687787693880256,0.28696832618680046,0.5882807116335644,-0.301312385446764,-0.34497520369190665,-0.32585072853276903,8.5,80.0
LIN,10,200,0.09263575569661064,0.1510915415635654,-0.05845578586695477,0.42466959082634337,0.5853688932061252,-0.1606993023797818,-0.25918561083044556,-0.32585072853276886,6.5,79.8076923076923
LIN,20,50,0.05447331531110722,0.1576078507733667,-0.10313453546225948,0.24188595477376898,0.6150759126736455,-0.3731899578998765,-0.3380955075211094,-0.3258507285327689,18.5,66.95906432748538
LIN,20,100,0.05061825590470148,0.15227138810537078,-0.1016531322006693,0.21739058587966376,0.5950695509890489,-0.37767896510938515,-0.2689801893259219,-0.32585072853276914,10.5,73.13253012048193
LIN,20,150,0.07311222726624855,0.15115325886060438,-0.07804103159435583,0.3228537227222021,0.5882807116335644,-0.26542698891136235,-0.30786406274741346,-0.32585072853276903,7.5,79.3167701863354
LIN,20,200,0.06621395276257025,0.1510915415635654,-0.08487758880099516,0.28787388888310167,0.5853688932061252,-0.2974950043230235,-0.28980614136001853,-0.32585072853276886,6.5,79.67948717948717
LIN,30,50,0.06631620259415394,0.1576078507733667,-0.09129164817921276,0.30629918363126085,0.6150759126736455,-0.3087767290423846,-0.32964902339353286,-0.3258507285327689,19.5,66.78362573099416
LIN,30,100,0.014873174752864093,0.15227138810537078,-0.13739821335250668,0.02940951917437264,0.5950695509890489,-0.5656600318146763,-0.34715067320641224,-0.32585072853276914,8.5,73.73493975903614
LIN,30,150,0.0663434163719252,0.15115325886060438,-0.08480984248867918,0.2901345515183435,0.5882807116335644,-0.29814616011522094,-0.30014518357201053,-0.32585072853276903,5.5,78.38509316770185
LIN,30,200,0.02842931958886319,0.1510915415635654,-0.12266222197470222,0.10677419386903994,0.5853688932061252,-0.4785946993370852,-0.33711059694934886,-0.32585072853276886,6.5,79.42307692307692
LIN,50,100,0.04365900344482232,0.15227138810537078,-0.10861238466054846,0.1812123866540381,0.5950695509890489,-0.4138571643350108,-0.30268987370788103,-0.32585072853276914,8.5,74.4578313253012
LIN,50,150,0.0398291654155456,0.15115325886060438,-0.11132409344505878,0.16250364196167907,0.5882807116335644,-0.42577706967188533,-0.3309319327592915,-0.32585072853276903,4.5,78.44720496894409
LIN,50,200,0.047409624540786455,0.1510915415635654,-0.10368191702277896,0.19726623071612365,0.5853688932061252,-0.3881026624900015,-0.3258507285327686,-0.32585072853276886,5.5,78.91025641025641
APD,5,50,-0.02390121480717433,0.06827609466378592,-0.09217730947096026,-0.17791694518968762,0.28283679214354057,-0.4607537373332282,-0.5142287796960419,-0.31765690205611985,31.5,55.2046783625731
APD,5,100,0.00850272265503138,0.053586044203487004,-0.045083321548455624,-0.00873544133382284,0.2349996456964566,-0.24373508703027943,-0.363802018093246,-0.31765690205612024,23.5,55.3012048192771
APD,5,150,-0.06244257558827049,0.04217799608484407,-0.10462057167311456,-0.35923285291996404,0.1980415230395934,-0.5572743759595574,-0.4666397347325106,-0.3176569020561204,21.5,58.38509316770186
APD,5,200,-0.0017888908582837093,0.04642221972805127,-0.04821111058633498,-0.038183570365015386,0.2114084727682885,-0.24959204313330388,-0.3852973899663974,-0.31765690205612007,15.5,57.692307692307686
APD,10,50,0.031214783213108444,0.06827609466378592,-0.03706131145067748,0.11284128220618353,0.28283679214354057,-0.16999550993735704,-0.31579933050917525,-0.31765690205611985,23.5,55.906432748538016
APD,10,100,-0.0012415645185630542,0.053586044203487004,-0.05482760872205006,-0.06103946369417772,0.2349996456964566,-0.2960391093906343,-0.382650050002467,-0.31765690205612024,17.5,54.75903614457831
APD,10,150,-0.03315818418594907,0.04217799608484407,-0.07533618027079314,-0.21482291498039413,0.1980415230395934,-0.4128644380199875,-0.35067662876974826,-0.3176569020561204,15.5,58.4472049689441
APD,10,200,0.008855548386531797,0.04642221972805127,-0.037566671341519475,0.0064209892659548296,0.2114084727682885,-0.20498748350233367,-0.37726662464196664,-0.31765690205612007,14.5,57.49999999999999
APD,20,50,-0.011182272647432545,0.06827609466378592,-0.07945836731121847,-0.12663816295848987,0.28283679214354057,-0.40947495510203047,-0.3671327418524782,-0.31765690205611985,21.5,55.08771929824562
APD,20,100,-0.021778851966831936,0.053586044203487004,-0.07536489617031894,-0.16534585976642427,0.2349996456964566,-0.40034550546288084,-0.3314266038476776,-0.31765690205612024,12.5,54.03614457831325
APD,20,150,-0.06081168330295106,0.04217799608484407,-0.10298967938779513,-0.32734704334181336,0.1980415230395934,-0.5253885663814067,-0.43651851872633984,-0.3176569020561204,10.5,58.32298136645962
APD,20,200,-0.0192309718590431,0.04642221972805127,-0.06565319158709437,-0.09987579621914369,0.2114084727682885,-0.3112842689874322,-0.3761517882219634,-0.31765690205612007,9.5,58.782051282051285
APD,30,50,0.019781275326656633,0.06827609466378592,-0.04849481933712929,0.06026974275640896,0.28283679214354057,-0.22256704938713162,-0.33902067904975636,-0.31765690205611985,22.5,53.09941520467836
APD,30,100,-0.03242446450072323,0.053586044203487004,-0.08601050870421023,-0.18673749797796999,0.2349996456964566,-0.4217371436744266,-0.38223082340074355,-0.31765690205612024,11.5,54.93975903614457
APD,30,150,-0.09185883992503263,0.04217799608484407,-0.1340368360098767,-0.458451415983077,0.1980415230395934,-0.6564929390226704,-0.5484654239766045,-0.3176569020561204,10.5,58.94409937888199
APD,30,200,-0.049923470437890693,0.04642221972805127,-0.09634569016594197,-0.22571239481474625,0.2114084727682885,-0.43712086758303476,-0.4216268809091562,-0.31765690205612007,9.5,59.87179487179487
APD,50,100,-0.010210808818157835,0.053586044203487004,-0.06379685302164484,-0.05573402631912327,0.2349996456964566,-0.29073367201557987,-0.36191448597498077,-0.31765690205612024,9.5,57.22891566265061
APD,50,150,-0.05236145688119265,0.04217799608484407,-0.09453945296603672,-0.21967014755988953,0.1980415230395934,-0.41771167059948294,-0.43709936021577767,-0.3176569020561204,7.5,58.81987577639751
APD,50,200,-0.03406516533243775,0.04642221972805127,-0.08048738506048903,-0.12825508597163068,0.2114084727682885,-0.33966355873991916,-0.4449497500487488,-0.31765690205612007,6.5,61.15384615384616
FCX,5,50,0.1358389390721364,0.24228301678956354,-0.10644407771742714,0.46482410875061636,0.6321111105374103,-0.16728700178679395,-0.5606133713177923,-0.6208551829978715,29.0,56.95906432748538
FCX,5,100,0.18004739314491625,0.2962291366029508,-0.11618174345803456,0.5837036402788958,0.7168384590543819,-0.13313481877548616,-0.5033458270023534,-0.6060830116168151,17.5,56.74698795180723
FCX,5,150,0.06238198619462487,0.30334058986793155,-0.24095860367330668,0.269707804324378,0.725221147277513,-0.45551334295313495,-0.6437858199740388,-0.6060830116168149,19.5,59.006211180124225
FCX,5,200,0.059365125180440126,0.32522245738498,-0.2658573322045399,0.2663271608704159,0.7564526167520016,-0.4901254558815857,-0.6761163671687292,-0.6060830116168147,19.5,67.17948717948717
FCX,10,50,0.06603440921338777,0.24228301678956354,-0.17624860757617578,0.28365819517989566,0.6321111105374103,-0.34845291535751466,-0.654840173528705,-0.6208551829978715,24.0,56.783625730994146
FCX,10,100,0.15806238044913767,0.2962291366029508,-0.13816675615381313,0.5254630229363966,0.7168384590543819,-0.19137543611798535,-0.5451571832945771,-0.6060830116168151,11.5,57.22891566265061
FCX,10,150,0.14517039704910095,0.30334058986793155,-0.1581701928188306,0.4938632426222915,0.725221147277513,-0.2313579046552215,-0.5119123432123421,-0.6060830116168149,13.5,59.56521739130435
FCX,10,200,0.0638625428781523,0.32522245738498,-0.2613599145068277,0.2782312232083728,0.7564526167520016,-0.4782213935436288,-0.7150809666161057,-0.6060830116168147,13.5,66.73076923076923
FCX,20,50,0.19263874988787055,0.24228301678956354,-0.04964426690169299,0.6005888350918491,0.6321111105374103,-0.03152227544556119,-0.5234761158798953,-0.6208551829978715,20.0,56.37426900584796
FCX,20,100,0.22967229518549503,0.2962291366029508,-0.06655684141745577,0.7085844282157991,0.7168384590543819,-0.008254030838582782,-0.3215054361201593,-0.6060830116168151,8.5,56.20481927710843
FCX,20,150,0.08338196462980041,0.30334058986793155,-0.21995862523813114,0.3282208867440945,0.725221147277513,-0.39700026053341847,-0.579068682726896,-0.6060830116168149,11.5,60.62111801242236
FCX,20,200,0.09719846077618621,0.32522245738498,-0.2280239966087938,0.3637953383720141,0.7564526167520016,-0.3926572783799875,-0.5901251651928503,-0.6060830116168147,9.5,65.83333333333333
FCX,30,50,0.14089962497230046,0.24228301678956354,-0.10138339181726308,0.47720076106710546,0.6321111105374103,-0.15491034947030485,-0.6252162017223788,-0.6208551829978715,20.0,58.304093567251456
FCX,30,100,0.17913456179930254,0.2962291366029508,-0.11709457480364827,0.5852050822189339,0.7168384590543819,-0.13163337683544807,-0.40948562826531315,-0.6060830116168151,8.5,55.42168674698795
FCX,30,150,0.04511303663874111,0.30334058986793155,-0.25822755322919044,0.22807621350281734,0.725221147277513,-0.4971449337746956,-0.5406164774756405,-0.6060830116168149,9.5,59.56521739130435
FCX,30,200,0.07749421023657521,0.32522245738498,-0.2477282471484048,0.3159536729565539,0.7564526167520016,-0.4404989437954477,-0.5406164774756406,-0.6060830116168147,7.5,65.83333333333333
FCX,50,100,0.10361781283644467,0.2962291366029508,-0.19261132376650614,0.3826252089172444,0.7168384590543819,-0.33421325013713754,-0.5468566136608654,-0.6060830116168151,9.0,56.325301204819276
FCX,50,150,-0.0007846887461040453,0.30334058986793155,-0.3041252786140356,0.10440215215783631,0.725221147277513,-0.6208189951196766,-0.6175783150300155,-0.6060830116168149,7.5,56.33540372670808
FCX,50,200,-0.031548827812657554,0.32522245738498,-0.35677128519763757,0.03514860503190801,0.7564526167520016,-0.7213040117200936,-0.6175783150300156,-0.6060830116168147,7.5,65.0
AAPL,5,50,0.22289799045176628,0.3103685345042524,-0.08747054405248611,0.957128415826943,0.942519506659873,0.014608909167069917,-0.2481183125945406,-0.3336052559468626,26.0,65.2046783625731
AAPL,5,100,0.24604989995656057,0.3225789360240072,-0.07652903606744665,0.9676915671280562,0.9697717006443726,-0.002080133516316418,-0.21514571837177146,-0.33360525594686263,15.0,71.44578313253011
AAPL,5,150,0.19387416526219248,0.3188786049201515,-0.12500443965795904,0.7348080820300423,0.9560307808981662,-0.22122269886812385,-0.2781934390682507,-0.33360525594686313,17.0,74.09937888198758
AAPL,5,200,0.20673171438394755,0.28828752601410246,-0.0815558116301549,0.7561301447452102,0.8773990003222559,-0.1212688555770457,-0.3382780855263061,-0.33360525594686297,9.0,78.26923076923077
AAPL,10,50,0.2143698167783632,0.3103685345042524,-0.0959987177258892,0.9170779099602754,0.942519506659873,-0.02544159669959767,-0.2597753738308485,-0.3336052559468626,22.0,64.61988304093568
AAPL,10,100,0.18001283236996057,0.3225789360240072,-0.14256610365404665,0.7155076482383484,0.9697717006443726,-0.2542640524060241,-0.28136525147063274,-0.33360525594686263,12.0,70.96385542168674
AAPL,10,150,0.19482774048057316,0.3188786049201515,-0.12405086443957836,0.7308546113050528,0.9560307808981662,-0.22517616959311337,-0.29075176384596635,-0.33360525594686313,12.0,74.34782608695653
AAPL,10,200,0.24831569482394733,0.28828752601410246,-0.03997183119015513,0.880646039400288,0.8773990003222559,0.0032470390780320324,-0.31427271445909133,-0.33360525594686297,5.0,78.52564102564102
AAPL,20,50,0.1879707357618361,0.3103685345042524,-0.1223977987424163,0.781328885223193,0.942519506659873,-0.16119062143668006,-0.2836388706705585,-0.3336052559468626,18.0,65.02923976608187
AAPL,20,100,0.1912320835100454,0.3225789360240072,-0.13134685251396183,0.7258928331135687,0.9697717006443726,-0.2438788675308039,-0.3521834181437137,-0.33360525594686263,11.0,71.02409638554217
AAPL,20,150,0.18434687683035467,0.3188786049201515,-0.13453172808979685,0.6820841217951176,0.9560307808981662,-0.2739466591030486,-0.31427271445909116,-0.33360525594686313,8.0,74.78260869565217
AAPL,20,200,0.20193782098649882,0.28828752601410246,-0.08634970502760364,0.7227102379994153,0.8773990003222559,-0.15468876232284068,-0.3441633757088385,-0.33360525594686297,5.0,78.78205128205128
AAPL,30,50,0.22882802818688308,0.3103685345042524,-0.08154050631736931,0.90795069920713,0.942519506659873,-0.034568807452743044,-0.288767634213104,-0.3336052559468626,17.0,66.0233918128655
AAPL,30,100,0.19913648073339463,0.3225789360240072,-0.1234424552906126,0.7426900519095062,0.9697717006443726,-0.22708164873486636,-0.3142727144590913,-0.33360525594686263,9.0,70.06024096385542
AAPL,30,150,0.15398053890760433,0.3188786049201515,-0.1648980660125472,0.577051281296702,0.9560307808981662,-0.37897949960146415,-0.3758654747676039,-0.33360525594686313,8.0,75.27950310559007
AAPL,30,200,0.23060802900476451,0.28828752601410246,-0.05767949700933794,0.8057828688273576,0.8773990003222559,-0.07161613149489832,-0.3181197456526413,-0.33360525594686297,4.0,78.78205128205128
AAPL,50,100,0.21883511120364063,0.3225789360240072,-0.10374382482036659,0.7995218647627937,0.9697717006443726,-0.17024983588157883,-0.3142727144590913,-0.33360525594686263,8.0,69.81927710843372
AAPL,50,150,0.19427039858669626,0.3188786049201515,-0.12460820633345526,0.7030003379005123,0.9560307808981662,-0.25303044299765387,-0.31427271445909116,-0.33360525594686313,6.0,74.6583850931677
AAPL,50,200,0.1721867503504937,0.28828752601410246,-0.11610077566360877,0.6234664342106585,0.8773990003222559,-0.2539325661115974,-0.31427271445909133,-0.33360525594686297,4.0,76.66666666666667
MSFT,5,50,0.1171584602784852,0.24777549355637807,-0.13061703327789287,0.5275866185557012,0.8271988742815325,-0.2996122557258313,-0.3132992705595052,-0.3714848923892752,33.5,67.83625730994152
MSFT,5,100,0.17060937298838974,0.2370487102579768,-0.06643933726958706,0.7326839264515161,0.7924538311129585,-0.059769904661442386,-0.26171948940507284,-0.37148489238927607,14.5,72.16867469879517
MSFT,5,150,0.14880827614598546,0.23618329067751032,-0.08737501453152485,0.6028066388062234,0.7857422602043013,-0.18293562139807784,-0.31755374751897314,-0.3714848923892758,11.5,74.40993788819877
MSFT,5,200,0.1734330413990397,0.23027873355405593,-0.056845692155016225,0.6793696715261698,0.7647900854844596,-0.08542041395828981,-0.28039246909934107,-0.37148489238927584,13.0,78.01282051282051
MSFT,10,50,0.1207849940458845,0.24777549355637807,-0.12699049951049357,0.5477949153574918,0.8271988742815325,-0.2794039589240407,-0.2593445882403294,-0.3714848923892752,25.5,67.83625730994152
MSFT,10,100,0.15400002104298394,0.2370487102579768,-0.08304868921499287,0.6388626071322981,0.7924538311129585,-0.15359122398066039,-0.30542398683607047,-0.37148489238927607,10.5,72.2289156626506
MSFT,10,150,0.15401404400790009,0.23618329067751032,-0.08216924666961023,0.6237753984238645,0.7857422602043013,-0.16196686178043673,-0.31654711487899484,-0.3714848923892758,8.5,73.66459627329192
MSFT,10,200,0.16531158023598924,0.23027873355405593,-0.06496715331806668,0.649834688622553,0.7647900854844596,-0.11495539686190659,-0.3073987084573282,-0.37148489238927584,8.0,78.71794871794872
MSFT,20,50,0.10064187249235079,0.24777549355637807,-0.14713362106402728,0.4358808465215179,0.8271988742815325,-0.3913180277600146,-0.4290586558020456,-0.3714848923892752,19.5,67.66081871345028
MSFT,20,100,0.15318821917138825,0.2370487102579768,-0.08386049108658855,0.6279193654626503,0.7924538311129585,-0.16453446565030827,-0.309916310999718,-0.37148489238927607,6.5,72.53012048192771
MSFT,20,150,0.18205982514834607,0.23618329067751032,-0.05412346552916425,0.7176791627913736,0.7857422602043013,-0.06806309741292771,-0.2803924690993407,-0.3714848923892758,7.5,74.72049689440993
MSFT,20,200,0.21417454009542625,0.23027873355405593,-0.01610419345862968,0.8055541136460747,0.7647900854844596,0.04076402816161506,-0.28039246909934107,-0.37148489238927584,6.0,79.42307692307692
MSFT,30,50,0.0868546500575127,0.24777549355637807,-0.16092084349886537,0.367396112100047,0.8271988742815325,-0.45980276218148547,-0.3438308085035023,-0.3714848923892752,19.5,68.71345029239765
MSFT,30,100,0.18636707666023145,0.2370487102579768,-0.05068163359774536,0.7408416255006919,0.7924538311129585,-0.05161220561226665,-0.28039246909934107,-0.37148489238927607,6.5,72.53012048192771
MSFT,30,150,0.23826617701719277,0.23618329067751032,0.002082886339682455,0.9044909018282271,0.7857422602043013,0.11874864162392584,-0.2803924690993407,-0.3714848923892758,4.5,74.59627329192546
MSFT,30,200,0.24152198015712312,0.23027873355405593,0.011243246603067192,0.8986653499943374,0.7647900854844596,0.13387526450987786,-0.28039246909934107,-0.37148489238927584,3.0,78.65384615384615
MSFT,50,100,0.19253155574340686,0.2370487102579768,-0.044517154514569945,0.7422020777726575,0.7924538311129585,-0.050251753340301075,-0.28039246909934107,-0.37148489238927607,6.5,76.02409638554218
MSFT,50,150,0.23341714656336388,0.23618329067751032,-0.0027661441141464405,0.8838838590916104,0.7857422602043013,0.09814159888730911,-0.2803924690993407,-0.3714848923892758,3.5,75.40372670807454
MSFT,50,200,0.2083501177557936,0.23027873355405593,-0.02192861579826233,0.7852583355571674,0.7647900854844596,0.020468250072707805,-0.28039246909934107,-0.37148489238927584,3.0,78.71794871794872
SPY,5,50,0.09967974070023455,0.15722270760460932,-0.05754296690437477,0.643164318184844,0.7006564227938287,-0.057492104608984684,-0.19809563479127182,-0.3371725445822262,24.0,73.80116959064328
SPY,5,100,0.11039939697041157,0.161045609556433,-0.05064621258602142,0.6969884189479575,0.7117949848697445,-0.014806565921786974,-0.23567747638862727,-0.33717254458222606,16.0,78.19277108433735
SPY,5,150,0.15074363274360403,0.16447200571431697,-0.013728372970712943,0.9688158963023192,0.7206983253661076,0.24811757093621167,-0.18368950276314644,-0.3371725445822259,9.0,80.06211180124222
SPY,5,200,0.12011731521949365,0.15957638389395257,-0.03945906867445892,0.7287920940701147,0.6958116207366996,0.03298047333341514,-0.19790809398858655,-0.3371725445822258,8.0,79.23076923076923
SPY,10,50,0.10656100241803168,0.15722270760460932,-0.050661705186577644,0.6746844682081828,0.7006564227938287,-0.02597195458564583,-0.15106499997660153,-0.3371725445822262,20.0,73.80116959064328
SPY,10,100,0.13829050116652186,0.161045609556433,-0.022755108389911127,0.8834734012502227,0.7117949848697445,0.1716784163804782,-0.20734214658629482,-0.33717254458222606,10.0,78.37349397590361
SPY,10,150,0.11862311220878885,0.16447200571431697,-0.04584889350552812,0.7243171121729931,0.7206983253661076,0.0036187868068855433,-0.2510944606611917,-0.3371725445822259,8.0,80.12422360248446
SPY,10,200,0.12791039375853597,0.15957638389395257,-0.0316659901354166,0.7772558326152368,0.6958116207366996,0.08144421187853723,-0.2031942365956841,-0.3371725445822258,5.0,79.55128205128204
SPY,20,50,0.08157586840398512,0.15722270760460932,-0.0756468392006242,0.47643989809367066,0.7006564227938287,-0.22421652470015802,-0.2802501869760194,-0.3371725445822262,15.0,73.39181286549707
SPY,20,100,0.11200894131659433,0.161045609556433,-0.049036668239838654,0.6535586298914413,0.7117949848697445,-0.05823635497830315,-0.2197660022188795,-0.33717254458222606,7.0,79.57831325301204
SPY,20,150,0.1095051068984032,0.16447200571431697,-0.05496689881591377,0.6102809660489612,0.7206983253661076,-0.11041735931714636,-0.26668451126658904,-0.3371725445822259,7.0,79.06832298136646
SPY,20,200,0.1062439344652435,0.15957638389395257,-0.05333244942870907,0.5676196711447308,0.6958116207366996,-0.12819194959196878,-0.3411720064783475,-0.3371725445822258,5.0,79.42307692307692
SPY,30,50,0.08993510810039473,0.15722270760460932,-0.06728759950421459,0.5248140809986314,0.7006564227938287,-0.1758423417951973,-0.31141222903310145,-0.3371725445822262,15.0,72.63157894736842
SPY,30,100,0.112592039651781,0.161045609556433,-0.048453569904651994,0.622753566760974,0.7117949848697445,-0.08904141810877042,-0.26668451126658865,-0.33717254458222606,5.0,80.06024096385542
SPY,30,150,0.10697405084044509,0.16447200571431697,-0.05749795487387188,0.5713891640465372,0.7206983253661076,-0.1493091613195704,-0.314592333507532,-0.3371725445822259,4.0,79.5031055900621
SPY,30,200,0.09604571727746336,0.15957638389395257,-0.0635306666164892,0.5007592907110624,0.6958116207366996,-0.19505233002563716,-0.3328684690509502,-0.3371725445822258,3.0,78.52564102564102
SPY,50,100,0.0872912620320958,0.161045609556433,-0.07375434752433718,0.4487932640747019,0.7117949848697445,-0.2630017207950426,-0.34273403583333784,-0.33717254458222606,5.0,78.49397590361446
SPY,50,150,0.10506963792269253,0.16447200571431697,-0.059402367791624444,0.5350545344005605,0.7206983253661076,-0.18564379096554706,-0.3371725445822261,-0.3371725445822259,4.0,79.00621118012423
SPY,50,200,0.10763643835422987,0.15957638389395257,-0.0519399455397227,0.5293020053384221,0.6958116207366996,-0.16650961539827747,-0.337172544582226,-0.3371725445822258,3.0,78.71794871794872
